Workbook

Sheet Vol1_LOCK
A1: 正典ID | B1: gate_pass | C1: 篇名（中） | D1: 三原理三元组 | E1: carrier | F1: status
A2: A001 | B2: G1–G7 Y | C2: 翘边的海报 | D2: 侧廊出风 + 晨间湿度 + 胶带黏着 | E2: 校园 | F2: 样章+正文✅
A3: A002 | B3: G1–G7 Y | C3: 错位的泥印 | D3: 鞋柜动线 + 目击链 + 泥印方向 | E3: 校园 | F3: 正文✅
A4: A003 | B4: G1–G7 Y | C4: 空着的那一栏 | D4: 核实流程 + 采访伦理 + 无源收束 | E4: 校园 | F4: 正文✅
A5: A004 | B5: G1–G7 Y | C5: 粉笔灰的圆圈 | D5: 静电吸附 + 粉笔粉尘 + 清扫动线 | E5: 校园 | F5: Card✅
A6: A005 | B6: G1–G7 Y | C6: 橡皮屑的方向 | D6: 摩擦痕迹 + 振动滑出 + 行为链 | E6: 校园 | F6: Card✅

Sheet 前50篇台账
A1: 正典ID | B1: gate_pass | C1: 案号 | D1: 篇名（日） | E1: 篇名（中） | F1: 阶段 | G1: 层级 | H1: 载体 | I1: 季节 | J1: 领衔 | K1: 参与全员 | L1: 知识域 1 | M1: 知识域 2 | N1: 知识域 3 | O1: 三原理三元组（标准化） | P1: 主范式 | Q1: 长线标记 | R1: 重复校验
A2: A001 | B2: ポスターの端 | C2: 翘边的海报 | D2: I 组建期 | E2: 核心连载 | F2: 校园 | G2: 4月 | H2: 慧美·志郎·光 | I2: 光·慧美·志郎·珣（+瑆 笔记） | J2: 气象 | K2: 材料 | L2: 流体 | M2: 侧廊出风 + 晨间湿度 + 胶带黏着 | N2: 实验+观察 | O2: Vol1·样章 | P2: G1–G7 Y
A3: A002 | B3: ずれた泥の跡 | C3: 错位的泥印 | D3: I 组建期 | E3: 核心连载 | F3: 校园 | G3: 4月 | H3: 慧美·光 | I3: 光·慧美·志郎·珣（+瑆 笔记） | J3: 行为 | K3: 动线 | L3: 地理 | M3: 鞋柜动线 + 目击链 + 泥印方向 | N3: 采访+实验 | P3: G1–G7 Y
A4: A003 | B4: 空いた欄 | C4: 空着的那一栏 | D4: I 组建期 | E4: 核心连载 | F4: 校园 | G4: 4月 | H4: 慧美 | I4: 光·慧美·志郎·珣（+瑆 笔记） | J4: 逻辑 | K4: 心理 | L4: 传播 | M4: 核实流程 + 采访伦理 + 无源收束 | N4: 采访+逻辑 | P4: G1–G7 Y
A5: A004 | B5: チョークの円 | C5: 粉笔灰的圆圈 | D5: I 组建期 | E5: 核心连载 | F5: 校园 | G5: 4月 | H5: 志郎·珣 | I5: 光·慧美·志郎·珣（+瑆 笔记） | J5: 静电 | K5: 材料 | L5: 行为 | M5: 静电吸附 + 粉笔粉尘 + 清扫动线 | N5: 实验+结构 | P5: G1–G7 Y
A6: A005 | B6: 消しゴムの屑 | C6: 橡皮屑的方向 | D6: I 组建期 | E6: 核心连载 | F6: 校园 | G6: 4月 | H6: 志郎·珣 | I6: 光·慧美·志郎·珣（+瑆 笔记） | J6: 力学 | K6: 材料 | L6: 行为 | M6: 摩擦痕迹 + 振动滑出 + 行为链 | N6: 结构还原 | O6: 珣入社 | P6: G1–G7 Y
A7: C001 | B7: G1=N · 素材库 | C7: 1 | D7: 濡れる椅子 | E7: 总是湿的椅子 | F7: I 组建期 | G7: 核心连载 | H7: 校园 | I7: 4月 | J7: 光·慧美·珣 | K7: 光·慧美·志郎·珣（+瑆 笔记） | L7: 热学 | M7: 热传导 | N7: 气象 | O7: 窗框热传导 + 结露 + 露点湿度 | P7: C001·热学深潜 | Q7: C001·热学深潜（非入社） | R7: =IF(COUNTIF($M$2:$M$51,M2)>1,"⚠ 重复","唯一")
A8: A006 | B8: ⬜ | C8: 2 | D8: 転がる消しゴム | E8: 谁偷了橡皮 | F8: I 组建期 | G8: 核心连载 | H8: 校园 | I8: 5月 | J8: 志郎 | K8: 光·慧美·志郎·珣（+瑆 笔记） | L8: 力学 | M8: 材料 | N8: 行为 | O8: 摩擦力 + 斜面滚动 + 行为习惯 | P8: 结构还原 | R8: =IF(COUNTIF($M$2:$M$51,M3)>1,"⚠ 重复","唯一")
A9: A007 | B9: ⬜ | C9: 3 | D9: アリの行列 | E9: 蚂蚁的队列 | F9: I 组建期 | G9: 核心连载 | H9: 校园·操场 | I9: 6月梅雨 | J9: 珣 | K9: 光·慧美·志郎·珣（+瑆 笔记） | L9: 生物 | M9: 化学 | N9: 气象 | O9: 信息素挥发 + 昆虫信息素 + 湿度扩散 | P9: 微观领域 | R9: =IF(COUNTIF($M$2:$M$51,M4)>1,"⚠ 重复","唯一")
A10: A008 | B10: ⬜ | C10: 4 | D10: 音楽室の和音 | E10: 音乐教室的怪声 | F10: I 组建期 | G10: 核心连载 | H10: 校园 | I10: 7月 | J10: 珣 | K10: 光·慧美·志郎·珣（+瑆 笔记） | L10: 声学 | M10: 音乐 | N10: 材料 | O10: 共振 + 和弦泛音 + 固体传声 | P10: 微观 | R10: =IF(COUNTIF($M$2:$M$51,M5)>1,"⚠ 重复","唯一")
A11: A009 | B11: ⬜ | C11: 5 | D11: 旗竿の影 | E11: 歪掉的旗杆影子 | F11: I 组建期 | G11: 核心连载 | H11: 校园·操场 | I11: 10月运动会 | J11: 慧美·珣 | K11: 光·慧美·志郎·珣（+瑆 笔记） | L11: 天文 | M11: 地理 | N11: 数学 | O11: 几何投影 + 太阳高度角 + 纬度时差 | P11: 实验+结构 | R11: =IF(COUNTIF($M$2:$M$51,M6)>1,"⚠ 重复","唯一")
A12: A010 | B12: ⬜ | C12: 6 | D12: 蛇口のぬるま湯 | E12: 水龙头里的温水 | F12: I 组建期 | G12: 核心连载 | H12: 校园 | I12: 8月 | J12: 志郎 | K12: 光·慧美·志郎·珣（+瑆 笔记） | L12: 热学 | M12: 地质 | N12: 工程 | O12: 土壤比热 + 管道埋深 + 管道热传导 | P12: 结构还原 | R12: =IF(COUNTIF($M$2:$M$51,M7)>1,"⚠ 重复","唯一")
A13: A011 | B13: ⬜ | C13: 7 | D13: 植木鉢の白い骨 | E13: 花盆里的白骨 | F13: I 组建期 | G13: 核心连载 | H13: 校园·植物角 | I13: 11月 | J13: 珣 | K13: 光·慧美·志郎·珣（+瑆 笔记） | L13: 微生物 | M13: 植物 | N13: 化学 | O13: 共生关系 + 真菌菌丝 + 菌丝代谢 | P13: 微观 | R13: =IF(COUNTIF($M$2:$M$51,M8)>1,"⚠ 重复","唯一")
A14: A012 | B14: ⬜ | C14: 8 | D14: 遅れる時計 | E14: 不走的钟 | F14: I 组建期 | G14: 核心连载 | H14: 校园 | I14: 12月 | J14: 慧美·珣 | K14: 光·慧美·志郎·珣（+瑆 笔记） | L14: 电子 | M14: 热学 | N14: 数学 | O14: 温差 + 石英晶振温度特性 + 误差累积 | P14: 实验+微观 | R14: =IF(COUNTIF($M$2:$M$51,M9)>1,"⚠ 重复","唯一")
A15: A013 | B15: ⬜ | C15: 9 | D15: ドアノブの火花 | E15: 会咬人的门把手 | F15: I 组建期 | G15: 核心连载 | H15: 校园·图书馆 | I15: 1月 | J15: 志郎 | K15: 光·慧美·志郎·珣（+瑆 笔记） | L15: 电磁 | M15: 材料 | N15: 气象 | O15: 导电性 + 干燥湿度 + 静电 | P15: 实验 | R15: =IF(COUNTIF($M$2:$M$51,M10)>1,"⚠ 重复","唯一")
A16: A014 | B16: ⬜ | C16: 10 | D16: 黒板の染み | E16: 黑板上的印记 | F16: I 组建期 | G16: 核心连载 | H16: 校园 | I16: 3月学年末 | J16: 慧美 | K16: 光·慧美·志郎·珣（+瑆 笔记） | L16: 化学 | M16: 材料 | N16: 光学 | O16: 相似相溶 + 窗格投影 + 表面张力 | P16: 实验 | R16: =IF(COUNTIF($M$2:$M$51,M11)>1,"⚠ 重复","唯一")
A17: A015 | B17: ⬜ | C17: 11 | D17: 廊下の口笛 | E17: 走廊的口哨声 | F17: I 组建期 | G17: 核心连载 | H17: 校园 | I17: 1月 | J17: 珣 | K17: 光·慧美·志郎·珣（+瑆 笔记） | L17: 声学 | M17: 流体 | N17: 建筑 | O17: 开口位置 + 狭管加速 + 风啸效应 | P17: 微观 | R17: =IF(COUNTIF($M$2:$M$51,M12)>1,"⚠ 重复","唯一")
A18: A016 | B18: ⬜ | C18: 12 | D18: 浮かぶ氷 | E18: 浮起来的冰块 | F18: I 组建期 | G18: 核心连载 | H18: 校园·给食 | I18: 2月 | J18: 慧美·志郎 | K18: 光·慧美·志郎·珣（+瑆 笔记） | L18: 力学 | M18: 热学 | N18: 材料 | O18: 密度差 + 浮力 + 融化吸热 | P18: 实验 | R18: =IF(COUNTIF($M$2:$M$51,M13)>1,"⚠ 重复","唯一")
A19: A017 | B19: ⬜ · ★L01 | C19: 13 | D19: 葛西さんの古地図 | E19: 葛西爷爷的旧地图 | F19: I 组建期 | G19: 核心连载 | H19: 社区 | I19: 3月 | J19: 葛西·珣 | K19: 光·慧美·志郎·珣·葛西（+瑆 笔记） | L19: 地理 | M19: 历史 | N19: 光学 | O19: 地图比例尺 + 地貌变迁 + 颜料褪色 | P19: 溯源+人际 | Q19: 种子①(旧地图) | R19: =IF(COUNTIF($M$2:$M$51,M14)>1,"⚠ 重复","唯一")
A20: A018 | B20: ⬜ | C20: 14 | D20: 曲がるストロー | E20: 弯曲的吸管 | F20: I 组建期 | G20: 外延单元 | H20: 家庭 | I20: 4月 | J20: 珣·瑆 | K20: 光·慧美·志郎·珣（+瑆 笔记） | L20: 光学 | M20: 流体 | N20: 感知 | O20: 折射 + 液面 + 视错觉 | P20: 感知预热 | R20: =IF(COUNTIF($M$2:$M$51,M15)>1,"⚠ 重复","唯一")
A21: A019 | B21: ⬜ | C21: 15 | D21: におう教室 | E21: 有味道的教室 | F21: I 组建期 | G21: 核心连载 | H21: 校园 | I21: 5月 | J21: 慧美 | K21: 光·慧美·志郎·珣（+瑆 笔记） | L21: 食品化学 | M21: 微生物 | N21: 气象 | O21: 发酵气味 + 菌群 + 通风对流 | P21: 实验 | R21: =IF(COUNTIF($M$2:$M$51,M16)>1,"⚠ 重复","唯一")
A22: A020 | B22: ⬜ | C22: 16 | D22: 影絵の怪 | E22: 影子戏的怪影 | F22: I 组建期 | G22: 核心连载 | H22: 校园·社区 | I22: 6月 | J22: 珣 | K22: 光·慧美·志郎·珣（+瑆 笔记） | L22: 光学 | M22: 几何 | N22: 感知 | O22: 多光源影 + 投影几何 + 视错觉 | P22: 感知 | R22: =IF(COUNTIF($M$2:$M$51,M17)>1,"⚠ 重复","唯一")
A23: A021 | B23: ⬜ | C23: 17 | D23: 動く植木 | E23: 会动的盆栽 | F23: I 组建期 | G23: 核心连载 | H23: 校园·植物角 | I23: 7月 | J23: 珣 | K23: 光·慧美·志郎·珣（+瑆 笔记） | L23: 植物 | M23: 光学 | N23: 生物 | O23: 光周期 + 向光性 + 膨压运动 | P23: 微观 | R23: =IF(COUNTIF($M$2:$M$51,M18)>1,"⚠ 重复","唯一")
A24: A022 | B24: ⬜ | C24: 18 | D24: 鳥のものまね | E24: 鸟的口技 | F24: I 组建期 | G24: 外延单元 | H24: 社区·公园 | I24: 9月 | J24: 珣 | K24: 光·慧美·志郎·珣（+瑆 笔记） | L24: 动物 | M24: 声学 | N24: 人体 | O24: 听觉范围 + 声音频率 + 鸟类发声 | P24: 微观 | R24: =IF(COUNTIF($M$2:$M$51,M19)>1,"⚠ 重复","唯一")
A25: A023 | B25: ⬜ | C25: 19 | D25: 濡れない傘 | E25: 淋不湿的伞 | F25: I 组建期 | G25: 外延单元 | H25: 家庭 | I25: 10月秋雨 | J25: 志郎 | K25: 光·慧美·志郎·珣（+瑆 笔记） | L25: 材料 | M25: 流体 | N25: 化学 | O25: 涂层化学 + 疏水表面 + 表面张力 | P25: 结构 | R25: =IF(COUNTIF($M$2:$M$51,M20)>1,"⚠ 重复","唯一")
A26: A024 | B26: ⬜ | C26: 20 | D26: 消えた虹 | E26: 消失的彩虹 | F26: I 组建期 | G26: 核心连载 | H26: 校园 | I26: 11月 | J26: 慧美·珣 | K26: 光·慧美·志郎·珣（+瑆 笔记） | L26: 光学 | M26: 气象 | N26: 几何 | O26: 太阳角 + 水滴折射 + 色散 | P26: 实验+微观 | R26: =IF(COUNTIF($M$2:$M$51,M21)>1,"⚠ 重复","唯一")
A27: B001 | B27: ⬜ | C27: 21 | D27: 名古屋城のしゃちほこ | E27: 名古屋城的金鯱 | F27: I 组建期 | G27: 外延单元 | H27: 城市特典·远足 | I27: 4月 | J27: 志郎·珣 | K27: 光·慧美·志郎·珣（+瑆 笔记） | L27: 建筑 | M27: 材料 | N27: 历史 | O27: 抗震结构 + 避雷原理 + 金属氧化 | P27: 结构+溯源 | R27: =IF(COUNTIF($M$2:$M$51,M22)>1,"⚠ 重复","唯一")
A28: B002 | B28: ⬜ | C28: 22 | D28: 熱田の森 | E28: 热田神宫的森林 | F28: I 组建期 | G28: 外延单元 | H28: 城市特典·远足 | I28: 5月 | J28: 珣 | K28: 光·慧美·志郎·珣（+瑆 笔记） | L28: 生物 | M28: 气象 | N28: 声学 | O28: 树冠隔音 + 森林微气候 + 空气湿度 | P28: 微观 | R28: =IF(COUNTIF($M$2:$M$51,M23)>1,"⚠ 重复","唯一")
A29: B003 | B29: ⬜ | C29: 23 | D29: 犬山城の天守 | E29: 犬山城天守 | F29: I 组建期 | G29: 外延单元 | H29: 城市特典·修学旅行 | I29: 6月 | J29: 志郎·珣 | K29: 光·慧美·志郎·珣（+瑆 笔记） | L29: 力学 | M29: 建筑 | N29: 工程 | O29: 抗震阻尼 + 木构榫卯 + 重心平衡 | P29: 结构还原 | R29: =IF(COUNTIF($M$2:$M$51,M24)>1,"⚠ 重复","唯一")
A30: B004 | B30: ⬜ | C30: 24 | D30: リニア館の磁気 | E30: 磁浮馆的磁力 | F30: I 组建期 | G30: 外延单元 | H30: 城市特典·科学馆 | I30: 7月 | J30: 慧美·珣 | K30: 光·慧美·志郎·珣（+瑆 笔记） | L30: 电磁 | M30: 工程 | N30: 力学 | O30: 涡流 + 电磁感应 + 磁悬浮 | P30: 实验 | R30: =IF(COUNTIF($M$2:$M$51,M25)>1,"⚠ 重复","唯一")
A31: B005 | B31: ⬜ | C31: 25 | D31: 動物園の鳴き声 | E31: 东山动物园的叫声 | F31: I 组建期 | G31: 外延单元 | H31: 城市特典 | I31: 8月 | J31: 珣 | K31: 光·慧美·志郎·珣（+瑆 笔记） | L31: 动物 | M31: 声学 | N31: 行为 | O31: 共鸣腔 + 动物发声 + 行为信号 | P31: 微观 | R31: =IF(COUNTIF($M$2:$M$51,M26)>1,"⚠ 重复","唯一")
A32: B006 | B32: ⬜ | C32: 26 | D32: プラネタリウムの北 | E32: 天文馆的北方 | F32: I 组建期 | G32: 外延单元 | H32: 城市特典·天文 | I32: 9月 | J32: 慧美·珣 | K32: 光·慧美·志郎·珣（+瑆 笔记） | L32: 天文 | M32: 地理 | N32: 数学 | O32: 北极星定位 + 周日视运动 + 极轴 | P32: 实验 | R32: =IF(COUNTIF($M$2:$M$51,M27)>1,"⚠ 重复","唯一")
A33: B007 | B33: ⬜ · ★ | C33: 27 | D33: 美術館の青 | E33: 美术馆的蓝色 | F33: I 组建期 | G33: 外延单元 | H33: 城市特典·主题 | I33: 10月 | J33: 珣 | K33: 光·慧美·志郎·珣（+瑆 笔记） | L33: 色彩 | M33: 化学 | N33: 光学 | O33: 光反射 + 光致变色 + 矿物颜料 | P33: 微观 | Q33: 种子②(矿物颜料) | R33: =IF(COUNTIF($M$2:$M$51,M28)>1,"⚠ 重复","唯一")
A34: B008 | B34: ⬜ | C34: 28 | D34: 川の四六分水 | E34: 河边的四六分水 | F34: I 组建期 | G34: 外延单元 | H34: 城市特典·治水 | I34: 11月 | J34: 志郎 | K34: 光·慧美·志郎·珣（+瑆 笔记） | L34: 流体 | M34: 工程 | N34: 地理 | O34: 分水力学 + 河床形态 + 流速分配 | P34: 结构 | R34: =IF(COUNTIF($M$2:$M$51,M29)>1,"⚠ 重复","唯一")
A35: B009 | B35: ⬜ | C35: 29 | D35: 味噌蔵の温度 | E35: 味噌作坊的温度 | F35: I 组建期 | G35: 外延单元 | H35: 城市特典·食农 | I35: 12月 | J35: 慧美 | K35: 光·慧美·志郎·珣（+瑆 笔记） | L35: 食品化学 | M35: 微生物 | N35: 热学 | O35: 味噌发酵 + 恒温控制 + 熟成菌群 | P35: 实验 | R35: =IF(COUNTIF($M$2:$M$51,M30)>1,"⚠ 重复","唯一")
A36: B010 | B36: ⬜ · ★ | C36: 30 | D36: 古い鐘の音 | E36: 古寺的钟声 | F36: I 组建期 | G36: 外延单元 | H36: 城市特典·历史 | I36: 1月初詣 | J36: 珣·葛西 | K36: 光·慧美·志郎·珣·葛西（+瑆 笔记） | L36: 声学 | M36: 材料 | N36: 历史 | O36: 合金成分 + 声衰减 + 钟体共振 | P36: 微观+溯源 | Q36: 种子③(古钟合金) | R36: =IF(COUNTIF($M$2:$M$51,M31)>1,"⚠ 重复","唯一")
A37: A025 | B37: ⬜ | C37: 31 | D37: 夏祭りの提灯 | E37: 夏日祭的灯笼 | F37: I 组建期 | G37: 外延单元 | H37: 季节特别·祭典 | I37: 7月 | J37: 慧美·珣 | K37: 光·慧美·志郎·珣（+瑆 笔记） | L37: 热学 | M37: 流体 | N37: 光学 | O37: 光晕散射 + 热对流 + 空气浮力 | P37: 实验 | R37: =IF(COUNTIF($M$2:$M$51,M32)>1,"⚠ 重复","唯一")
A38: A026 | B38: ⬜ | C38: 32 | D38: 花火の遅れ | E38: 烟花的延迟 | F38: I 组建期 | G38: 外延单元 | H38: 季节特别·祭典 | I38: 8月 | J38: 珣 | K38: 光·慧美·志郎·珣（+瑆 笔记） | L38: 声学 | M38: 光学 | N38: 数学 | O38: 光速差 + 声速 + 测距计算 | P38: 微观+实验 | R38: =IF(COUNTIF($M$2:$M$51,M33)>1,"⚠ 重复","唯一")
A39: A027 | B39: ⬜ | C39: 33 | D39: 体育祭の白線 | E39: 运动会的白线 | F39: I 组建期 | G39: 外延单元 | H39: 季节特别·校园 | I39: 9月运动会 | J39: 慧美·志郎 | K39: 光·慧美·志郎·珣（+瑆 笔记） | L39: 化学 | M39: 材料 | N39: 几何 | O39: 直线测放 + 石灰反应 + 粉末附着 | P39: 实验 | R39: =IF(COUNTIF($M$2:$M$51,M34)>1,"⚠ 重复","唯一")
A40: A028 | B40: ⬜ | C40: 34 | D40: 落ち葉の渦 | E40: 落叶的漩涡 | F40: I 组建期 | G40: 外延单元 | H40: 季节特别·秋 | I40: 11月 | J40: 珣 | K40: 光·慧美·志郎·珣（+瑆 笔记） | L40: 流体 | M40: 气象 | N40: 力学 | O40: 卡门涡街 + 涡流脱落 + 风压 | P40: 微观 | R40: =IF(COUNTIF($M$2:$M$51,M35)>1,"⚠ 重复","唯一")
A41: C002 | B41: ⬜ | C41: 35 | D41: 給食のゼリー | E41: 给食的果冻 | F41: I 组建期 | G41: 外延单元 | H41: 主题专项·食品 | I41: 1月 | J41: 慧美 | K41: 光·慧美·志郎·珣（+瑆 笔记） | L41: 食品化学 | M41: 材料 | N41: 生物 | O41: 凝胶化 + 温度控制 + 蛋白酶 | P41: 实验 | R41: =IF(COUNTIF($M$2:$M$51,M36)>1,"⚠ 重复","唯一")
A42: A029 | B42: ⬜ | C42: 36 | D42: 図書室の迷子本 | E42: 图书室的迷路书 | F42: I 组建期 | G42: 外延单元 | H42: 主题专项·图书馆学 | I42: 2月 | J42: 瑆 | K42: 光·慧美·志郎·珣（+瑆 笔记） | L42: 图书馆学 | M42: 逻辑 | N42: 心理 | O42: 借阅行为 + 图书分类 + 索书号系统 | P42: 人际+逻辑 | R42: =IF(COUNTIF($M$2:$M$51,M37)>1,"⚠ 重复","唯一")
A43: A030 | B43: ⬜ | C43: 37 | D43: 自由研究の失敗 | E43: 自由研究的失败 | F43: I 组建期 | G43: 外延单元 | H43: 季节特别·暑假 | I43: 8月 | J43: 慧美 | K43: 光·慧美·志郎·珣（+瑆 笔记） | L43: 实验方法 | M43: 数学 | N43: 逻辑 | O43: 实验误差 + 对照实验 + 概率思维 | P43: 实验 | R43: =IF(COUNTIF($M$2:$M$51,M38)>1,"⚠ 重复","唯一")
A44: A031 | B44: ⬜ | C44: 38 | D44: 雪の朝の足跡 | E44: 雪天早晨的脚印 | F44: I 组建期 | G44: 外延单元 | H44: 季节特别·冬 | I44: 12月 | J44: 珣 | K44: 光·慧美·志郎·珣（+瑆 笔记） | L44: 物态 | M44: 热学 | N44: 感知 | O44: 压力融化 + 痕迹错视 + 雪面热传导 | P44: 微观 | R44: =IF(COUNTIF($M$2:$M$51,M39)>1,"⚠ 重复","唯一")
A45: A032 | B45: ⬜ | C45: 39 | D45: 風の日の窓 | E45: 刮风天的窗户 | F45: I 组建期 | G45: 外延单元 | H45: 主题专项·建筑物理 | I45: 3月春一番 | J45: 志郎 | K45: 光·慧美·志郎·珣（+瑆 笔记） | L45: 流体 | M45: 建筑 | N45: 声学 | O45: 伯努利效应 + 建筑风压 + 缝隙啸声 | P45: 结构 | R45: =IF(COUNTIF($M$2:$M$51,M40)>1,"⚠ 重复","唯一")
A46: A033 | B46: ⬜ | C46: 40 | D46: 古いラジオの声 | E46: 旧收音机的杂音 | F46: I 组建期 | G46: 外延单元 | H46: 主题专项·电 | I46: 4月 | J46: 珣 | K46: 光·慧美·志郎·珣（+瑆 笔记） | L46: 电磁 | M46: 电子 | N46: 材料 | O46: 天线接收 + 无线电串扰 + 电磁屏蔽 | P46: 微观 | R46: =IF(COUNTIF($M$2:$M$51,M41)>1,"⚠ 重复","唯一")
A47: A051 | B47: ⬜ · 理紗Vol11 | C47: 41 | D47: 色が違う絵 | E47: 颜色不对的画 | F47: II 感知期 | G47: 外延单元 | H47: 主题专项·感知 | I47: 5月 | J47: 理紗·慧美 | K47: 光·慧美·志郎·珣·理紗（+瑆 笔记） | L47: 色彩 | M47: 光学 | N47: 心理 | O47: 条件等色 + 色彩恒常 + 色温 | P47: 感知+实验 | Q47: 理紗入社 | R47: =IF(COUNTIF($M$2:$M$51,M42)>1,"⚠ 重复","唯一")
A48: A052 | B48: ⬜ | C48: 42 | D48: 聞こえないノック | E48: 听不见的敲门 | F48: II 感知期 | G48: 外延单元 | H48: 主题专项·声 | I48: 6月 | J48: 理紗·珣 | K48: 光·慧美·志郎·珣·理紗（+瑆 笔记） | L48: 声学 | M48: 人体 | N48: 物理 | O48: 听觉频率 + 空腔共鸣 + 超声波 | P48: 感知+微观 | R48: =IF(COUNTIF($M$2:$M$51,M43)>1,"⚠ 重复","唯一")
A49: A053 | B49: ⬜ | C49: 43 | D49: 鏡の中の文字 | E49: 镜中的文字 | F49: II 感知期 | G49: 外延单元 | H49: 主题专项·光 | I49: 7月 | J49: 理紗·慧美 | K49: 光·慧美·志郎·珣·理紗（+瑆 笔记） | L49: 光学 | M49: 几何 | N49: 心理 | O49: 左右镜像 + 空间认知 + 镜面反射 | P49: 感知 | R49: =IF(COUNTIF($M$2:$M$51,M44)>1,"⚠ 重复","唯一")
A50: A054 | B50: ⬜ | C50: 44 | D50: にじむ夕焼け | E50: 晕开的晚霞 | F50: II 感知期 | G50: 外延单元 | H50: 主题专项·气象光 | I50: 9月 | J50: 理紗·慧美 | K50: 光·慧美·志郎·珣·理紗（+瑆 笔记） | L50: 气象 | M50: 光学 | N50: 物理 | O50: 大气色散 + 瑞利散射 + 雾汽散射 | P50: 感知+实验 | R50: =IF(COUNTIF($M$2:$M$51,M45)>1,"⚠ 重复","唯一")
A51: A055 | B51: ⬜ | C51: 45 | D51: 動かない秒針 | E51: 不动的秒针 | F51: II 感知期 | G51: 外延单元 | H51: 主题专项·感知光 | I51: 10月 | J51: 理紗·珣 | K51: 光·慧美·志郎·珣·理紗（+瑆 笔记） | L51: 光学 | M51: 感知 | N51: 物理 | O51: 周期同步 + 视觉暂留 + 频闪错觉 | P51: 感知+微观 | R51: =IF(COUNTIF($M$2:$M$51,M46)>1,"⚠ 重复","唯一")
A52: A056 | B52: ⬜ | C52: 46 | D52: 影が二つ | E52: 两个影子 | F52: II 感知期 | G52: 外延单元 | H52: 主题专项·光 | I52: 11月 | J52: 理紗·珣 | K52: 光·慧美·志郎·珣·理紗（+瑆 笔记） | L52: 光学 | M52: 物理 | N52: 感知 | O52: 投影叠加 + 本影半影 + 点光源阵列 | P52: 感知 | R52: =IF(COUNTIF($M$2:$M$51,M47)>1,"⚠ 重复","唯一")
A53: A057 | B53: ⬜ | C53: 47 | D53: 透明な膜の色 | E53: 透明膜的颜色 | F53: II 感知期 | G53: 外延单元 | H53: 主题专项·光材料 | I53: 12月 | J53: 理紗·慧美 | K53: 光·慧美·志郎·珣·理紗（+瑆 笔记） | L53: 光学 | M53: 材料 | N53: 物理 | O53: 折射率 + 膜厚 + 薄膜干涉 | P53: 感知+实验 | R53: =IF(COUNTIF($M$2:$M$51,M48)>1,"⚠ 重复","唯一")
A54: A058 | B54: ⬜ | C54: 48 | D54: 凍る池の音 | E54: 结冰池塘的声音 | F54: II 感知期 | G54: 外延单元 | H54: 季节特别·冬 | I54: 1月 | J54: 理紗·珣 | K54: 光·慧美·志郎·珣·理紗（+瑆 笔记） | L54: 声学 | M54: 物态 | N54: 物理 | O54: 低温传声 + 冰层振动 + 热胀冷缩 | P54: 感知+微观 | R54: =IF(COUNTIF($M$2:$M$51,M49)>1,"⚠ 重复","唯一")
A55: B011 | B55: ⬜ | C55: 49 | D55: 曲がって見える線路 | E55: 看起来弯的铁轨 | F55: II 感知期 | G55: 外延单元 | H55: 城市特典·感知 | I55: 2月 | J55: 理紗·慧美 | K55: 光·慧美·志郎·珣·理紗（+瑆 笔记） | L55: 光学 | M55: 心理 | N55: 物理 | O55: 热气折射 + 距离错视 + 透视收敛 | P55: 感知 | R55: =IF(COUNTIF($M$2:$M$51,M50)>1,"⚠ 重复","唯一")
A56: A059 | B56: ⬜ · ★收束1 | C56: 50 | D56: 葛西さんの古写真 | E56: 葛西爷爷的旧照片 | F56: II 感知期 | G56: 范式深化 | H56: 社区·长线 | I56: 3月 | J56: 葛西·瑆·理紗 | K56: 光·慧美·志郎·珣·理紗·葛西（+瑆 主笔） | L56: 历史 | M56: 光学 | N56: 化学 | O56: 城市变迁 + 照片褪色 + 银盐化学 | P56: 溯源+人际+感知 | Q56: 长线收束点① | R56: =IF(COUNTIF($M$2:$M$51,M51)>1,"⚠ 重复","唯一")

Sheet 知识域容量
A1: 知识域 | B1: 前50篇出现次数 | C1: 说明
A2: 人体 | B2: =COUNTIF(前50篇台账!$J$2:$L$51,A2) | C2: 组合层去重，单域可在不同三元组中复现
A3: 光学 | B3: =COUNTIF(前50篇台账!$J$2:$L$51,A3) | C3: 组合层去重，单域可在不同三元组中复现
A4: 几何 | B4: =COUNTIF(前50篇台账!$J$2:$L$51,A4) | C4: 组合层去重，单域可在不同三元组中复现
A5: 力学 | B5: =COUNTIF(前50篇台账!$J$2:$L$51,A5) | C5: 组合层去重，单域可在不同三元组中复现
A6: 动物 | B6: =COUNTIF(前50篇台账!$J$2:$L$51,A6) | C6: 组合层去重，单域可在不同三元组中复现
A7: 化学 | B7: =COUNTIF(前50篇台账!$J$2:$L$51,A7) | C7: 组合层去重，单域可在不同三元组中复现
A8: 历史 | B8: =COUNTIF(前50篇台账!$J$2:$L$51,A8) | C8: 组合层去重，单域可在不同三元组中复现
A9: 图书馆学 | B9: =COUNTIF(前50篇台账!$J$2:$L$51,A9) | C9: 组合层去重，单域可在不同三元组中复现
A10: 地理 | B10: =COUNTIF(前50篇台账!$J$2:$L$51,A10) | C10: 组合层去重，单域可在不同三元组中复现
A11: 地质 | B11: =COUNTIF(前50篇台账!$J$2:$L$51,A11) | C11: 组合层去重，单域可在不同三元组中复现
A12: 声学 | B12: =COUNTIF(前50篇台账!$J$2:$L$51,A12) | C12: 组合层去重，单域可在不同三元组中复现
A13: 天文 | B13: =COUNTIF(前50篇台账!$J$2:$L$51,A13) | C13: 组合层去重，单域可在不同三元组中复现
... A36: 食品化学 | B36: =COUNTIF(前50篇台账!$J$2:$L$51,A36) | C36: 组合层去重，单域可在不同三元组中复现
A37: 合计（应=150） | B37: =SUM(B2:B36)

Sheet 说明
A1: 《学堂奇事録》· 前50篇原理去重台账
A3: 用途：主编逐案登记，强制保证「三原理组合在 200 篇内不重复」。
A5: 列说明：
A6: · 三原理三元组（标准化）：三个核心原理按统一顺序排列后用 + 连接，是去重的唯一键。
A7: · 重复校验：=COUNTIF 自动比对全表；显示「唯一」即合格，「⚠ 重复」需改写谜题机制。
A8: · 知识域为「组合层」去重——单个域（如气象、光学）可在不同三元组中复现，三元组本身唯一即可。
A10: 新增第 51 篇及以后的流程：
A11: 1. 先确定该案的三个核心原理，按拼音/笔画统一排序写入「三原理三元组」列。
A12: 2. 向下复制「重复校验」公式，并把公式内的 $M$2:$M$51 范围扩展到新行。
A13: 3. 若显示「⚠ 重复」，更换其中至少一个核心原理或改换载体场景。
A15: 非重复的可行性证明：约 24 个知识域，三原理组合数 C(24,3)=2024 种；
A16: 即便只保留对小学生有意义、可日常化、可家庭复现的约 15%，也有约 300 种 > 200 篇所需。
... A20: · 增列 正典ID / gate_pass · 插入 Vol1 A001–A005 · #1→C001
