Workbook

Sheet Vol1_LOCK
A1: 正典ID | B1: gate_pass | C1: 篇名（中） | D1: 三原理三元组 | E1: carrier | F1: status
A2: A001 | B2: G1–G7 Y | C2: 翘边的海报 | D2: 侧廊出风 + 晨间湿度 + 胶带黏着 | E2: 校园 | F2: 样章+正文✅
A3: A002 | B3: G1–G7 Y | C3: 错位的泥印 | D3: 鞋柜动线 + 目击链 + 泥印方向 | E3: 校园 | F3: 正文✅
A4: A003 | B4: G1–G7 Y | C4: 空着的那一栏 | D4: 核实流程 + 采访伦理 + 无源收束 | E4: 校园 | F4: 正文✅
A5: A004 | B5: G1–G7 Y | C5: 粉笔灰的圆圈 | D5: 静电吸附 + 粉笔粉尘 + 清扫动线 | E5: 校园 | F5: Card✅
A6: A005 | B6: G1–G7 Y | C6: 橡皮屑的方向 | D6: 摩擦痕迹 + 振动滑出 + 行为链 | E6: 校园 | F6: Card✅

Sheet 前100篇台账
A1: 正典ID | B1: gate_pass | C1: 案号 | D1: 篇名（日） | E1: 篇名（中） | F1: 阶段 | G1: 层级 | H1: 载体 | I1: 季节 | J1: 领衔 | K1: 参与全员 | L1: 知识域 1 | M1: 知识域 2 | N1: 知识域 3 | O1: 三原理三元组（标准化） | P1: 主范式 | Q1: 长线标记 | R1: 重复校验
A2: A001 | B2: ポスターの端 | C2: 翘边的海报 | D2: I 组建期 | E2: 核心连载 | F2: 校园 | G2: 4月 | H2: 慧美·志郎·光 | I2: 光·慧美·志郎·珣（+瑆 笔记） | J2: 气象 | K2: 材料 | L2: 流体 | M2: 侧廊出风 + 晨间湿度 + 胶带黏着 | N2: 实验+观察 | O2: Vol1·样章 | P2: G1–G7 Y
A3: A002 | B3: ずれた泥の跡 | C3: 错位的泥印 | D3: I 组建期 | E3: 核心连载 | F3: 校园 | G3: 4月 | H3: 慧美·光 | I3: 光·慧美·志郎·珣（+瑆 笔记） | J3: 行为 | K3: 动线 | L3: 地理 | M3: 鞋柜动线 + 目击链 + 泥印方向 | N3: 采访+实验 | P3: G1–G7 Y
A4: A003 | B4: 空いた欄 | C4: 空着的那一栏 | D4: I 组建期 | E4: 核心连载 | F4: 校园 | G4: 4月 | H4: 慧美 | I4: 光·慧美·志郎·珣（+瑆 笔记） | J4: 逻辑 | K4: 心理 | L4: 传播 | M4: 核实流程 + 采访伦理 + 无源收束 | N4: 采访+逻辑 | P4: G1–G7 Y
A5: A004 | B5: チョークの円 | C5: 粉笔灰的圆圈 | D5: I 组建期 | E5: 核心连载 | F5: 校园 | G5: 4月 | H5: 志郎·珣 | I5: 光·慧美·志郎·珣（+瑆 笔记） | J5: 静电 | K5: 材料 | L5: 行为 | M5: 静电吸附 + 粉笔粉尘 + 清扫动线 | N5: 实验+结构 | P5: G1–G7 Y
A6: A005 | B6: 消しゴムの屑 | C6: 橡皮屑的方向 | D6: I 组建期 | E6: 核心连载 | F6: 校园 | G6: 4月 | H6: 志郎·珣 | I6: 光·慧美·志郎·珣（+瑆 笔记） | J6: 力学 | K6: 材料 | L6: 行为 | M6: 摩擦痕迹 + 振动滑出 + 行为链 | N6: 结构还原 | O6: 珣入社 | P6: G1–G7 Y
A7: C001 | B7: G1=N · 素材库 | C7: 1 | D7: 濡れる椅子 | E7: 总是湿的椅子 | F7: I 组建期 | G7: 核心连载 | H7: 校园 | I7: 4月 | J7: 光·慧美·珣 | K7: 光·慧美·志郎·珣（+瑆 笔记） | L7: 热学 | M7: 热传导 | N7: 气象 | O7: 窗框热传导 + 结露 + 露点湿度 | P7: 实验+微观 | Q7: C001·热学深潜（非入社） | R7: =IF(COUNTIF($M$2:$M$101,M2)>1,"⚠ 重复","唯一")
A8: A006 | B8: ⬜ | C8: 2 | D8: 転がる消しゴム | E8: 谁偷了橡皮 | F8: I 组建期 | G8: 核心连载 | H8: 校园 | I8: 5月 | J8: 志郎 | K8: 光·慧美·志郎·珣（+瑆 笔记） | L8: 力学 | M8: 材料 | N8: 行为 | O8: 摩擦力 + 斜面滚动 + 行为习惯 | P8: 结构还原 | R8: =IF(COUNTIF($M$2:$M$101,M3)>1,"⚠ 重复","唯一")
A9: A007 | B9: ⬜ | C9: 3 | D9: アリの行列 | E9: 蚂蚁的队列 | F9: I 组建期 | G9: 核心连载 | H9: 校园·操场 | I9: 6月梅雨 | J9: 珣 | K9: 光·慧美·志郎·珣（+瑆 笔记） | L9: 生物 | M9: 化学 | N9: 气象 | O9: 信息素挥发 + 昆虫信息素 + 湿度扩散 | P9: 微观领域 | R9: =IF(COUNTIF($M$2:$M$101,M4)>1,"⚠ 重复","唯一")
A10: A008 | B10: ⬜ | C10: 4 | D10: 音楽室の和音 | E10: 音乐教室的怪声 | F10: I 组建期 | G10: 核心连载 | H10: 校园 | I10: 7月 | J10: 珣 | K10: 光·慧美·志郎·珣（+瑆 笔记） | L10: 声学 | M10: 音乐 | N10: 材料 | O10: 共振 + 和弦泛音 + 固体传声 | P10: 微观 | R10: =IF(COUNTIF($M$2:$M$101,M5)>1,"⚠ 重复","唯一")
A11: A009 | B11: ⬜ | C11: 5 | D11: 旗竿の影 | E11: 歪掉的旗杆影子 | F11: I 组建期 | G11: 核心连载 | H11: 校园·操场 | I11: 10月运动会 | J11: 慧美·珣 | K11: 光·慧美·志郎·珣（+瑆 笔记） | L11: 天文 | M11: 地理 | N11: 数学 | O11: 几何投影 + 太阳高度角 + 纬度时差 | P11: 实验+结构 | R11: =IF(COUNTIF($M$2:$M$101,M6)>1,"⚠ 重复","唯一")
A12: A010 | B12: ⬜ | C12: 6 | D12: 蛇口のぬるま湯 | E12: 水龙头里的温水 | F12: I 组建期 | G12: 核心连载 | H12: 校园 | I12: 8月 | J12: 志郎 | K12: 光·慧美·志郎·珣（+瑆 笔记） | L12: 热学 | M12: 地质 | N12: 工程 | O12: 土壤比热 + 管道埋深 + 管道热传导 | P12: 结构还原 | R12: =IF(COUNTIF($M$2:$M$101,M7)>1,"⚠ 重复","唯一")
A13: A011 | B13: ⬜ | C13: 7 | D13: 植木鉢の白い骨 | E13: 花盆里的白骨 | F13: I 组建期 | G13: 核心连载 | H13: 校园·植物角 | I13: 11月 | J13: 珣 | K13: 光·慧美·志郎·珣（+瑆 笔记） | L13: 微生物 | M13: 植物 | N13: 化学 | O13: 共生关系 + 真菌菌丝 + 菌丝代谢 | P13: 微观 | R13: =IF(COUNTIF($M$2:$M$101,M8)>1,"⚠ 重复","唯一")
A14: A012 | B14: ⬜ | C14: 8 | D14: 遅れる時計 | E14: 不走的钟 | F14: I 组建期 | G14: 核心连载 | H14: 校园 | I14: 12月 | J14: 慧美·珣 | K14: 光·慧美·志郎·珣（+瑆 笔记） | L14: 电子 | M14: 热学 | N14: 数学 | O14: 温差 + 石英晶振温度特性 + 误差累积 | P14: 实验+微观 | R14: =IF(COUNTIF($M$2:$M$101,M9)>1,"⚠ 重复","唯一")
A15: A013 | B15: ⬜ | C15: 9 | D15: ドアノブの火花 | E15: 会咬人的门把手 | F15: I 组建期 | G15: 核心连载 | H15: 校园·图书馆 | I15: 1月 | J15: 志郎 | K15: 光·慧美·志郎·珣（+瑆 笔记） | L15: 电磁 | M15: 材料 | N15: 气象 | O15: 导电性 + 干燥湿度 + 静电 | P15: 实验 | R15: =IF(COUNTIF($M$2:$M$101,M10)>1,"⚠ 重复","唯一")
A16: A014 | B16: ⬜ | C16: 10 | D16: 黒板の染み | E16: 黑板上的印记 | F16: I 组建期 | G16: 核心连载 | H16: 校园 | I16: 3月学年末 | J16: 慧美 | K16: 光·慧美·志郎·珣（+瑆 笔记） | L16: 化学 | M16: 材料 | N16: 光学 | O16: 相似相溶 + 窗格投影 + 表面张力 | P16: 实验 | R16: =IF(COUNTIF($M$2:$M$101,M11)>1,"⚠ 重复","唯一")
A17: A015 | B17: ⬜ | C17: 11 | D17: 廊下の口笛 | E17: 走廊的口哨声 | F17: I 组建期 | G17: 核心连载 | H17: 校园 | I17: 1月 | J17: 珣 | K17: 光·慧美·志郎·珣（+瑆 笔记） | L17: 声学 | M17: 流体 | N17: 建筑 | O17: 开口位置 + 狭管加速 + 风啸效应 | P17: 微观 | R17: =IF(COUNTIF($M$2:$M$101,M12)>1,"⚠ 重复","唯一")
A18: A016 | B18: ⬜ | C18: 12 | D18: 浮かぶ氷 | E18: 浮起来的冰块 | F18: I 组建期 | G18: 核心连载 | H18: 校园·给食 | I18: 2月 | J18: 慧美·志郎 | K18: 光·慧美·志郎·珣（+瑆 笔记） | L18: 力学 | M18: 热学 | N18: 材料 | O18: 密度差 + 浮力 + 融化吸热 | P18: 实验 | R18: =IF(COUNTIF($M$2:$M$101,M13)>1,"⚠ 重复","唯一")
A19: A017 | B19: ⬜ · ★L01 | C19: 13 | D19: 葛西さんの古地図 | E19: 葛西爷爷的旧地图 | F19: I 组建期 | G19: 核心连载 | H19: 社区 | I19: 3月 | J19: 葛西·珣 | K19: 光·慧美·志郎·珣·葛西（+瑆 笔记） | L19: 地理 | M19: 历史 | N19: 光学 | O19: 地图比例尺 + 地貌变迁 + 颜料褪色 | P19: 溯源+人际 | Q19: 种子①(旧地图) | R19: =IF(COUNTIF($M$2:$M$101,M14)>1,"⚠ 重复","唯一")
A20: A018 | B20: ⬜ | C20: 14 | D20: 曲がるストロー | E20: 弯曲的吸管 | F20: I 组建期 | G20: 外延单元 | H20: 家庭 | I20: 4月 | J20: 珣·瑆 | K20: 光·慧美·志郎·珣（+瑆 笔记） | L20: 光学 | M20: 流体 | N20: 感知 | O20: 折射 + 液面 + 视错觉 | P20: 感知预热 | R20: =IF(COUNTIF($M$2:$M$101,M15)>1,"⚠ 重复","唯一")
A21: A019 | B21: ⬜ | C21: 15 | D21: におう教室 | E21: 有味道的教室 | F21: I 组建期 | G21: 核心连载 | H21: 校园 | I21: 5月 | J21: 慧美 | K21: 光·慧美·志郎·珣（+瑆 笔记） | L21: 食品化学 | M21: 微生物 | N21: 气象 | O21: 发酵气味 + 菌群 + 通风对流 | P21: 实验 | R21: =IF(COUNTIF($M$2:$M$101,M16)>1,"⚠ 重复","唯一")
A22: A020 | B22: ⬜ | C22: 16 | D22: 影絵の怪 | E22: 影子戏的怪影 | F22: I 组建期 | G22: 核心连载 | H22: 校园·社区 | I22: 6月 | J22: 珣 | K22: 光·慧美·志郎·珣（+瑆 笔记） | L22: 光学 | M22: 几何 | N22: 感知 | O22: 多光源影 + 投影几何 + 视错觉 | P22: 感知 | R22: =IF(COUNTIF($M$2:$M$101,M17)>1,"⚠ 重复","唯一")
A23: A021 | B23: ⬜ | C23: 17 | D23: 動く植木 | E23: 会动的盆栽 | F23: I 组建期 | G23: 核心连载 | H23: 校园·植物角 | I23: 7月 | J23: 珣 | K23: 光·慧美·志郎·珣（+瑆 笔记） | L23: 植物 | M23: 光学 | N23: 生物 | O23: 光周期 + 向光性 + 膨压运动 | P23: 微观 | R23: =IF(COUNTIF($M$2:$M$101,M18)>1,"⚠ 重复","唯一")
A24: A022 | B24: ⬜ | C24: 18 | D24: 鳥のものまね | E24: 鸟的口技 | F24: I 组建期 | G24: 外延单元 | H24: 社区·公园 | I24: 9月 | J24: 珣 | K24: 光·慧美·志郎·珣（+瑆 笔记） | L24: 动物 | M24: 声学 | N24: 人体 | O24: 听觉范围 + 声音频率 + 鸟类发声 | P24: 微观 | R24: =IF(COUNTIF($M$2:$M$101,M19)>1,"⚠ 重复","唯一")
A25: A023 | B25: ⬜ | C25: 19 | D25: 濡れない傘 | E25: 淋不湿的伞 | F25: I 组建期 | G25: 外延单元 | H25: 家庭 | I25: 10月秋雨 | J25: 志郎 | K25: 光·慧美·志郎·珣（+瑆 笔记） | L25: 材料 | M25: 流体 | N25: 化学 | O25: 涂层化学 + 疏水表面 + 表面张力 | P25: 结构 | R25: =IF(COUNTIF($M$2:$M$101,M20)>1,"⚠ 重复","唯一")
A26: A024 | B26: ⬜ | C26: 20 | D26: 消えた虹 | E26: 消失的彩虹 | F26: I 组建期 | G26: 核心连载 | H26: 校园 | I26: 11月 | J26: 慧美·珣 | K26: 光·慧美·志郎·珣（+瑆 笔记） | L26: 光学 | M26: 气象 | N26: 几何 | O26: 太阳角 + 水滴折射 + 色散 | P26: 实验+微观 | R26: =IF(COUNTIF($M$2:$M$101,M21)>1,"⚠ 重复","唯一")
A27: B001 | B27: ⬜ | C27: 21 | D27: 名古屋城のしゃちほこ | E27: 名古屋城的金鯱 | F27: I 组建期 | G27: 外延单元 | H27: 城市特典·远足 | I27: 4月 | J27: 志郎·珣 | K27: 光·慧美·志郎·珣（+瑆 笔记） | L27: 建筑 | M27: 材料 | N27: 历史 | O27: 抗震结构 + 避雷原理 + 金属氧化 | P27: 结构+溯源 | R27: =IF(COUNTIF($M$2:$M$101,M22)>1,"⚠ 重复","唯一")
A28: B002 | B28: ⬜ | C28: 22 | D28: 熱田の森 | E28: 热田神宫的森林 | F28: I 组建期 | G28: 外延单元 | H28: 城市特典·远足 | I28: 5月 | J28: 珣 | K28: 光·慧美·志郎·珣（+瑆 笔记） | L28: 生物 | M28: 气象 | N28: 声学 | O28: 树冠隔音 + 森林微气候 + 空气湿度 | P28: 微观 | R28: =IF(COUNTIF($M$2:$M$101,M23)>1,"⚠ 重复","唯一")
A29: B003 | B29: ⬜ | C29: 23 | D29: 犬山城の天守 | E29: 犬山城天守 | F29: I 组建期 | G29: 外延单元 | H29: 城市特典·修学旅行 | I29: 6月 | J29: 志郎·珣 | K29: 光·慧美·志郎·珣（+瑆 笔记） | L29: 力学 | M29: 建筑 | N29: 工程 | O29: 抗震阻尼 + 木构榫卯 + 重心平衡 | P29: 结构还原 | R29: =IF(COUNTIF($M$2:$M$101,M24)>1,"⚠ 重复","唯一")
A30: B004 | B30: ⬜ | C30: 24 | D30: リニア館の磁気 | E30: 磁浮馆的磁力 | F30: I 组建期 | G30: 外延单元 | H30: 城市特典·科学馆 | I30: 7月 | J30: 慧美·珣 | K30: 光·慧美·志郎·珣（+瑆 笔记） | L30: 电磁 | M30: 工程 | N30: 力学 | O30: 涡流 + 电磁感应 + 磁悬浮 | P30: 实验 | R30: =IF(COUNTIF($M$2:$M$101,M25)>1,"⚠ 重复","唯一")
A31: B005 | B31: ⬜ | C31: 25 | D31: 動物園の鳴き声 | E31: 东山动物园的叫声 | F31: I 组建期 | G31: 外延单元 | H31: 城市特典 | I31: 8月 | J31: 珣 | K31: 光·慧美·志郎·珣（+瑆 笔记） | L31: 动物 | M31: 声学 | N31: 行为 | O31: 共鸣腔 + 动物发声 + 行为信号 | P31: 微观 | R31: =IF(COUNTIF($M$2:$M$101,M26)>1,"⚠ 重复","唯一")
A32: B006 | B32: ⬜ | C32: 26 | D32: プラネタリウムの北 | E32: 天文馆的北方 | F32: I 组建期 | G32: 外延单元 | H32: 城市特典·天文 | I32: 9月 | J32: 慧美·珣 | K32: 光·慧美·志郎·珣（+瑆 笔记） | L32: 天文 | M32: 地理 | N32: 数学 | O32: 北极星定位 + 周日视运动 + 极轴 | P32: 实验 | R32: =IF(COUNTIF($M$2:$M$101,M27)>1,"⚠ 重复","唯一")
A33: B007 | B33: ⬜ · ★ | C33: 27 | D33: 美術館の青 | E33: 美术馆的蓝色 | F33: I 组建期 | G33: 外延单元 | H33: 城市特典·主题 | I33: 10月 | J33: 珣 | K33: 光·慧美·志郎·珣（+瑆 笔记） | L33: 色彩 | M33: 化学 | N33: 光学 | O33: 光反射 + 光致变色 + 矿物颜料 | P33: 微观 | Q33: 种子②(矿物颜料) | R33: =IF(COUNTIF($M$2:$M$101,M28)>1,"⚠ 重复","唯一")
A34: B008 | B34: ⬜ | C34: 28 | D34: 川の四六分水 | E34: 河边的四六分水 | F34: I 组建期 | G34: 外延单元 | H34: 城市特典·治水 | I34: 11月 | J34: 志郎 | K34: 光·慧美·志郎·珣（+瑆 笔记） | L34: 流体 | M34: 工程 | N34: 地理 | O34: 分水力学 + 河床形态 + 流速分配 | P34: 结构 | R34: =IF(COUNTIF($M$2:$M$101,M29)>1,"⚠ 重复","唯一")
A35: B009 | B35: ⬜ | C35: 29 | D35: 味噌蔵の温度 | E35: 味噌作坊的温度 | F35: I 组建期 | G35: 外延单元 | H35: 城市特典·食农 | I35: 12月 | J35: 慧美 | K35: 光·慧美·志郎·珣（+瑆 笔记） | L35: 食品化学 | M35: 微生物 | N35: 热学 | O35: 味噌发酵 + 恒温控制 + 熟成菌群 | P35: 实验 | R35: =IF(COUNTIF($M$2:$M$101,M30)>1,"⚠ 重复","唯一")
A36: B010 | B36: ⬜ · ★ | C36: 30 | D36: 古い鐘の音 | E36: 古寺的钟声 | F36: I 组建期 | G36: 外延单元 | H36: 城市特典·历史 | I36: 1月初詣 | J36: 珣·葛西 | K36: 光·慧美·志郎·珣·葛西（+瑆 笔记） | L36: 声学 | M36: 材料 | N36: 历史 | O36: 合金成分 + 声衰减 + 钟体共振 | P36: 微观+溯源 | Q36: 种子③(古钟合金) | R36: =IF(COUNTIF($M$2:$M$101,M31)>1,"⚠ 重复","唯一")
A37: A025 | B37: ⬜ | C37: 31 | D37: 夏祭りの提灯 | E37: 夏日祭的灯笼 | F37: I 组建期 | G37: 外延单元 | H37: 季节特别·祭典 | I37: 7月 | J37: 慧美·珣 | K37: 光·慧美·志郎·珣（+瑆 笔记） | L37: 热学 | M37: 流体 | N37: 光学 | O37: 光晕散射 + 热对流 + 空气浮力 | P37: 实验 | R37: =IF(COUNTIF($M$2:$M$101,M32)>1,"⚠ 重复","唯一")
A38: A026 | B38: ⬜ | C38: 32 | D38: 花火の遅れ | E38: 烟花的延迟 | F38: I 组建期 | G38: 外延单元 | H38: 季节特别·祭典 | I38: 8月 | J38: 珣 | K38: 光·慧美·志郎·珣（+瑆 笔记） | L38: 声学 | M38: 光学 | N38: 数学 | O38: 光速差 + 声速 + 测距计算 | P38: 微观+实验 | R38: =IF(COUNTIF($M$2:$M$101,M33)>1,"⚠ 重复","唯一")
A39: A027 | B39: ⬜ | C39: 33 | D39: 体育祭の白線 | E39: 运动会的白线 | F39: I 组建期 | G39: 外延单元 | H39: 季节特别·校园 | I39: 9月运动会 | J39: 慧美·志郎 | K39: 光·慧美·志郎·珣（+瑆 笔记） | L39: 化学 | M39: 材料 | N39: 几何 | O39: 直线测放 + 石灰反应 + 粉末附着 | P39: 实验 | R39: =IF(COUNTIF($M$2:$M$101,M34)>1,"⚠ 重复","唯一")
A40: A028 | B40: ⬜ | C40: 34 | D40: 落ち葉の渦 | E40: 落叶的漩涡 | F40: I 组建期 | G40: 外延单元 | H40: 季节特别·秋 | I40: 11月 | J40: 珣 | K40: 光·慧美·志郎·珣（+瑆 笔记） | L40: 流体 | M40: 气象 | N40: 力学 | O40: 卡门涡街 + 涡流脱落 + 风压 | P40: 微观 | R40: =IF(COUNTIF($M$2:$M$101,M35)>1,"⚠ 重复","唯一")
A41: C002 | B41: ⬜ | C41: 35 | D41: 給食のゼリー | E41: 给食的果冻 | F41: I 组建期 | G41: 外延单元 | H41: 主题专项·食品 | I41: 1月 | J41: 慧美 | K41: 光·慧美·志郎·珣（+瑆 笔记） | L41: 食品化学 | M41: 材料 | N41: 生物 | O41: 凝胶化 + 温度控制 + 蛋白酶 | P41: 实验 | R41: =IF(COUNTIF($M$2:$M$101,M36)>1,"⚠ 重复","唯一")
A42: A029 | B42: ⬜ | C42: 36 | D42: 図書室の迷子本 | E42: 图书室的迷路书 | F42: I 组建期 | G42: 外延单元 | H42: 主题专项·图书馆学 | I42: 2月 | J42: 瑆 | K42: 光·慧美·志郎·珣（+瑆 笔记） | L42: 图书馆学 | M42: 逻辑 | N42: 心理 | O42: 借阅行为 + 图书分类 + 索书号系统 | P42: 人际+逻辑 | R42: =IF(COUNTIF($M$2:$M$101,M37)>1,"⚠ 重复","唯一")
A43: A030 | B43: ⬜ | C43: 37 | D43: 自由研究の失敗 | E43: 自由研究的失败 | F43: I 组建期 | G43: 外延单元 | H43: 季节特别·暑假 | I43: 8月 | J43: 慧美 | K43: 光·慧美·志郎·珣（+瑆 笔记） | L43: 实验方法 | M43: 数学 | N43: 逻辑 | O43: 实验误差 + 对照实验 + 概率思维 | P43: 实验 | R43: =IF(COUNTIF($M$2:$M$101,M38)>1,"⚠ 重复","唯一")
A44: A031 | B44: ⬜ | C44: 38 | D44: 雪の朝の足跡 | E44: 雪天早晨的脚印 | F44: I 组建期 | G44: 外延单元 | H44: 季节特别·冬 | I44: 12月 | J44: 珣 | K44: 光·慧美·志郎·珣（+瑆 笔记） | L44: 物态 | M44: 热学 | N44: 感知 | O44: 压力融化 + 痕迹错视 + 雪面热传导 | P44: 微观 | R44: =IF(COUNTIF($M$2:$M$101,M39)>1,"⚠ 重复","唯一")
A45: A032 | B45: ⬜ | C45: 39 | D45: 風の日の窓 | E45: 刮风天的窗户 | F45: I 组建期 | G45: 外延单元 | H45: 主题专项·建筑物理 | I45: 3月春一番 | J45: 志郎 | K45: 光·慧美·志郎·珣（+瑆 笔记） | L45: 流体 | M45: 建筑 | N45: 声学 | O45: 伯努利效应 + 建筑风压 + 缝隙啸声 | P45: 结构 | R45: =IF(COUNTIF($M$2:$M$101,M40)>1,"⚠ 重复","唯一")
A46: A033 | B46: ⬜ | C46: 40 | D46: 古いラジオの声 | E46: 旧收音机的杂音 | F46: I 组建期 | G46: 外延单元 | H46: 主题专项·电 | I46: 4月 | J46: 珣 | K46: 光·慧美·志郎·珣（+瑆 笔记） | L46: 电磁 | M46: 电子 | N46: 材料 | O46: 天线接收 + 无线电串扰 + 电磁屏蔽 | P46: 微观 | R46: =IF(COUNTIF($M$2:$M$101,M41)>1,"⚠ 重复","唯一")
A47: A051 | B47: ⬜ · 理紗Vol11 | C47: 41 | D47: 色が違う絵 | E47: 颜色不对的画 | F47: II 感知期 | G47: 外延单元 | H47: 主题专项·感知 | I47: 5月 | J47: 理紗·慧美 | K47: 光·慧美·志郎·珣·理紗（+瑆 笔记） | L47: 色彩 | M47: 光学 | N47: 心理 | O47: 条件等色 + 色彩恒常 + 色温 | P47: 感知+实验 | Q47: 理紗入社 | R47: =IF(COUNTIF($M$2:$M$101,M42)>1,"⚠ 重复","唯一")
A48: A052 | B48: ⬜ | C48: 42 | D48: 聞こえないノック | E48: 听不见的敲门 | F48: II 感知期 | G48: 外延单元 | H48: 主题专项·声 | I48: 6月 | J48: 理紗·珣 | K48: 光·慧美·志郎·珣·理紗（+瑆 笔记） | L48: 声学 | M48: 人体 | N48: 物理 | O48: 听觉频率 + 空腔共鸣 + 超声波 | P48: 感知+微观 | R48: =IF(COUNTIF($M$2:$M$101,M43)>1,"⚠ 重复","唯一")
A49: A053 | B49: ⬜ | C49: 43 | D49: 鏡の中の文字 | E49: 镜中的文字 | F49: II 感知期 | G49: 外延单元 | H49: 主题专项·光 | I49: 7月 | J49: 理紗·慧美 | K49: 光·慧美·志郎·珣·理紗（+瑆 笔记） | L49: 光学 | M49: 几何 | N49: 心理 | O49: 左右镜像 + 空间认知 + 镜面反射 | P49: 感知 | R49: =IF(COUNTIF($M$2:$M$101,M44)>1,"⚠ 重复","唯一")
A50: A054 | B50: ⬜ | C50: 44 | D50: にじむ夕焼け | E50: 晕开的晚霞 | F50: II 感知期 | G50: 外延单元 | H50: 主题专项·气象光 | I50: 9月 | J50: 理紗·慧美 | K50: 光·慧美·志郎·珣·理紗（+瑆 笔记） | L50: 气象 | M50: 光学 | N50: 物理 | O50: 大气色散 + 瑞利散射 + 雾汽散射 | P50: 感知+实验 | R50: =IF(COUNTIF($M$2:$M$101,M45)>1,"⚠ 重复","唯一")
A51: A055 | B51: ⬜ | C51: 45 | D51: 動かない秒針 | E51: 不动的秒针 | F51: II 感知期 | G51: 外延单元 | H51: 主题专项·感知光 | I51: 10月 | J51: 理紗·珣 | K51: 光·慧美·志郎·珣·理紗（+瑆 笔记） | L51: 光学 | M51: 感知 | N51: 物理 | O51: 周期同步 + 视觉暂留 + 频闪错觉 | P51: 感知+微观 | R51: =IF(COUNTIF($M$2:$M$101,M46)>1,"⚠ 重复","唯一")
A52: A056 | B52: ⬜ | C52: 46 | D52: 影が二つ | E52: 两个影子 | F52: II 感知期 | G52: 外延单元 | H52: 主题专项·光 | I52: 11月 | J52: 理紗·珣 | K52: 光·慧美·志郎·珣·理紗（+瑆 笔记） | L52: 光学 | M52: 物理 | N52: 感知 | O52: 投影叠加 + 本影半影 + 点光源阵列 | P52: 感知 | R52: =IF(COUNTIF($M$2:$M$101,M47)>1,"⚠ 重复","唯一")
A53: A057 | B53: ⬜ | C53: 47 | D53: 透明な膜の色 | E53: 透明膜的颜色 | F53: II 感知期 | G53: 外延单元 | H53: 主题专项·光材料 | I53: 12月 | J53: 理紗·慧美 | K53: 光·慧美·志郎·珣·理紗（+瑆 笔记） | L53: 光学 | M53: 材料 | N53: 物理 | O53: 折射率 + 膜厚 + 薄膜干涉 | P53: 感知+实验 | R53: =IF(COUNTIF($M$2:$M$101,M48)>1,"⚠ 重复","唯一")
A54: A058 | B54: ⬜ | C54: 48 | D54: 凍る池の音 | E54: 结冰池塘的声音 | F54: II 感知期 | G54: 外延单元 | H54: 季节特别·冬 | I54: 1月 | J54: 理紗·珣 | K54: 光·慧美·志郎·珣·理紗（+瑆 笔记） | L54: 声学 | M54: 物态 | N54: 物理 | O54: 低温传声 + 冰层振动 + 热胀冷缩 | P54: 感知+微观 | R54: =IF(COUNTIF($M$2:$M$101,M49)>1,"⚠ 重复","唯一")
A55: B011 | B55: ⬜ | C55: 49 | D55: 曲がって見える線路 | E55: 看起来弯的铁轨 | F55: II 感知期 | G55: 外延单元 | H55: 城市特典·感知 | I55: 2月 | J55: 理紗·慧美 | K55: 光·慧美·志郎·珣·理紗（+瑆 笔记） | L55: 光学 | M55: 心理 | N55: 物理 | O55: 热气折射 + 距离错视 + 透视收敛 | P55: 感知 | R55: =IF(COUNTIF($M$2:$M$101,M50)>1,"⚠ 重复","唯一")
A56: A059 | B56: ⬜ · ★收束1 | C56: 50 | D56: 葛西さんの古写真 | E56: 葛西爷爷的旧照片 | F56: II 感知期 | G56: 范式深化 | H56: 社区·长线 | I56: 3月 | J56: 葛西·瑆·理紗 | K56: 光·慧美·志郎·珣·理紗·葛西（+瑆 主笔） | L56: 历史 | M56: 光学 | N56: 化学 | O56: 城市变迁 + 照片褪色 + 银盐化学 | P56: 溯源+人际+感知 | Q56: 长线收束点① | R56: =IF(COUNTIF($M$2:$M$101,M51)>1,"⚠ 重复","唯一")
A57: B012 | B57: ⬜ | C57: 51 | D57: 窯変の招き猫 | E57: 常滑招财猫的窑变色 | F57: II 感知期 | G57: 外延单元 | H57: 城市特典·常滑 | I57: 4月 | J57: 慧美·珣 | K57: 光·慧美·志郎·珣·理紗（+瑆 笔记） | L57: 化学 | M57: 色彩 | N57: 热学 | O57: 窑温梯度 + 还原焰氧化焰 + 釉料金属呈色 | P57: 实验+微观 | R57: =IF(COUNTIF($M$2:$M$101,M52)>1,"⚠ 重复","唯一")
A58: B013 | B58: ⬜ | C58: 52 | D58: 瀬戸物のひび | E58: 濑户陶器的裂纹 | F58: II 感知期 | G58: 外延单元 | H58: 城市特典·瀬戸 | I58: 5月 | J58: 志郎·珣 | K58: 光·慧美·志郎·珣·理紗（+瑆 笔记） | L58: 材料 | M58: 热学 | N58: 声学 | O58: 急冷应力 + 敲击声判别 + 釉面热膨胀差 | P58: 结构还原 | R58: =IF(COUNTIF($M$2:$M$101,M53)>1,"⚠ 重复","唯一")
A59: A060 | B59: ⬜ · 中谷 | C59: 53 | D59: 中谷くんの一枚 | E59: 中谷的一张照片 | F59: II 感知期 | G59: 外延单元 | H59: 主题专项·摄影 | I59: 6月 | J59: 中谷·瑆 | K59: 光·慧美·志郎·珣·理紗·中谷（+瑆 笔记） | L59: 光学 | M59: 力学 | N59: 逻辑 | O59: 时序证据 + 景深光圈 + 运动模糊 | P59: 人际+实验 | Q59: 中谷入队 | R59: =IF(COUNTIF($M$2:$M$101,M54)>1,"⚠ 重复","唯一")
A60: B014 | B60: ⬜ | C60: 54 | D60: 神社の鈴 | E60: 神社铃铛的声音 | F60: II 感知期 | G60: 外延单元 | H60: 城市特典·神社 | I60: 7月 | J60: 珣 | K60: 光·慧美·志郎·珣·理紗·中谷（+瑆 笔记） | L60: 声学 | M60: 物理 | N60: 流体 | O60: 拍频 + 金属铃共鸣 + 风激振动 | P60: 微观 | R60: =IF(COUNTIF($M$2:$M$101,M55)>1,"⚠ 重复","唯一")
A61: A061 | B61: ⬜ | C61: 55 | D61: 古井戸の水位 | E61: 古井的水位 | F61: II 感知期 | G61: 外延单元 | H61: 社区·历史 | I61: 8月 | J61: 志郎·葛西 | K61: 光·慧美·志郎·珣·理紗·中谷·葛西（+瑆 笔记） | L61: 地质 | M61: 流体 | N61: 气象 | O61: 地下水位变化 + 连通器原理 + 降水滞后 | P61: 结构+溯源 | R61: =IF(COUNTIF($M$2:$M$101,M56)>1,"⚠ 重复","唯一")
A62: A062 | B62: ⬜ | C62: 56 | D62: 切手の裏の文字 | E62: 邮票背面的字 | F62: II 感知期 | G62: 外延单元 | H62: 主题专项·显色 | I62: 9月 | J62: 慧美·中谷 | K62: 光·慧美·志郎·珣·理紗·中谷（+瑆 笔记） | L62: 化学 | M62: 光学 | N62: 材料 | O62: 紫外荧光 + 胶层吸湿 + 隐显墨水 | P62: 实验 | R62: =IF(COUNTIF($M$2:$M$101,M57)>1,"⚠ 重复","唯一")
A63: B015 | B63: ⬜ | C63: 57 | D63: 鏡池の逆さ富士 | E63: 镜池的倒影 | F63: II 感知期 | G63: 外延单元 | H63: 城市特典·水镜 | I63: 10月 | J63: 理紗 | K63: 光·慧美·志郎·珣·理紗·中谷（+瑆 笔记） | L63: 光学 | M63: 流体 | N63: 几何 | O63: 对称成像 + 水面镜反射 + 风浪扰动 | P63: 感知 | R63: =IF(COUNTIF($M$2:$M$101,M58)>1,"⚠ 重复","唯一")
A64: A063 | B64: ⬜ | C64: 58 | D64: 回り灯籠 | E64: 走马灯的影 | F64: II 感知期 | G64: 外延单元 | H64: 季节特别·主题 | I64: 11月 | J64: 珣·理紗 | K64: 光·慧美·志郎·珣·理紗·中谷（+瑆 笔记） | L64: 热学 | M64: 光学 | N64: 感知 | O64: 旋转投影 + 暂留残像 + 热气流驱动 | P64: 微观+感知 | R64: =IF(COUNTIF($M$2:$M$101,M59)>1,"⚠ 重复","唯一")
A65: B016 | B65: ⬜ | C65: 59 | D65: 合掌造りの屋根 | E65: 飞驒合掌屋顶 | F65: II 感知期 | G65: 外延单元 | H65: 城市特典·飛騨 | I65: 12月 | J65: 志郎·珣 | K65: 光·慧美·志郎·珣·理紗·中谷（+瑆 笔记） | L65: 建筑 | M65: 力学 | N65: 生物 | O65: 烟熏防虫 + 茅葺隔热 + 陡坡排雪 | P65: 结构还原 | R65: =IF(COUNTIF($M$2:$M$101,M60)>1,"⚠ 重复","唯一")
A66: B017 | B66: ⬜ | C66: 60 | D66: 養老の滝の虹 | E66: 养老瀑布的彩虹 | F66: II 感知期 | G66: 外延单元 | H66: 城市特典·養老 | I66: 1月 | J66: 理紗·珣 | K66: 光·慧美·志郎·珣·理紗·中谷（+瑆 笔记） | L66: 光学 | M66: 气象 | N66: 天文 | O66: 偏振 + 太阳方位角 + 水雾色散 | P66: 感知+微观 | R66: =IF(COUNTIF($M$2:$M$101,M61)>1,"⚠ 重复","唯一")
A67: B018 | B67: ⬜ | C67: 61 | D67: 関ヶ原の風 | E67: 关原的风与雾 | F67: II 感知期 | G67: 外延单元 | H67: 城市特典·历史 | I67: 2月 | J67: 葛西·珣 | K67: 光·慧美·志郎·珣·理紗·中谷·葛西（+瑆 笔记） | L67: 气象 | M67: 地理 | N67: 历史 | O67: 古战场地形 + 盆地地形风 + 辐射雾形成 | P67: 溯源+微观 | R67: =IF(COUNTIF($M$2:$M$101,M62)>1,"⚠ 重复","唯一")
A68: A064 | B68: ⬜ | C68: 62 | D68: 古文書の褪せ墨 | E68: 古书信的褪墨 | F68: II 感知期 | G68: 外延单元 | H68: 社区·历史 | I68: 3月 | J68: 葛西·瑆 | K68: 光·慧美·志郎·珣·理紗·中谷·葛西（+瑆 笔记） | L68: 化学 | M68: 材料 | N68: 历史 | O68: 古文字识读 + 纸张酸化 + 铁胆墨水氧化 | P68: 溯源+人际 | Q68: 种子④(古书信) | R68: =IF(COUNTIF($M$2:$M$101,M63)>1,"⚠ 重复","唯一")
A69: C003 | B69: ⬜ | C69: 63 | D69: 七輪の炭火 | E69: 七轮炭火的温度 | F69: II 感知期 | G69: 外延单元 | H69: 主题专项·食农 | I69: 4月 | J69: 慧美 | K69: 光·慧美·志郎·珣·理紗·中谷（+瑆 笔记） | L69: 热学 | M69: 化学 | N69: 流体 | O69: 不完全燃烧 + 红外辐射加热 + 通风控温 | P69: 实验 | R69: =IF(COUNTIF($M$2:$M$101,M64)>1,"⚠ 重复","唯一")
A70: A065 | B70: ⬜ | C70: 64 | D70: 招き猫の右手左手 | E70: 招财猫举哪只手 | F70: II 感知期 | G70: 外延单元 | H70: 主题专项·民俗 | I70: 5月 | J70: 瑆·理紗 | K70: 光·慧美·志郎·珣·理紗·中谷（+瑆 笔记） | L70: 数学 | M70: 心理 | N70: 民俗 | O70: 左右习惯 + 记忆错误 + 镜像对称 | P70: 人际+感知 | R70: =IF(COUNTIF($M$2:$M$101,M65)>1,"⚠ 重复","唯一")
A71: B019 | B71: ⬜ | C71: 65 | D71: 潮だまりの生き物 | E71: 海边潮池的生物 | F71: II 感知期 | G71: 外延单元 | H71: 城市特典·海岸 | I71: 6月 | J71: 珣 | K71: 光·慧美·志郎·珣·理紗·中谷（+瑆 笔记） | L71: 天文 | M71: 化学 | N71: 生物 | O71: 潮汐月相 + 潮间带生态 + 蒸发盐度 | P71: 微观 | R71: =IF(COUNTIF($M$2:$M$101,M66)>1,"⚠ 重复","唯一")
A72: B020 | B72: ⬜ | C72: 66 | D72: 灯台の光 | E72: 灯塔的光 | F72: II 感知期 | G72: 外延单元 | H72: 城市特典·海岸 | I72: 7月 | J72: 志郎·珣 | K72: 光·慧美·志郎·珣·理紗·中谷（+瑆 笔记） | L72: 光学 | M72: 工程 | N72: 气象 | O72: 旋转周期 + 菲涅尔透镜 + 雾中能见度 | P72: 结构还原 | R72: =IF(COUNTIF($M$2:$M$101,M67)>1,"⚠ 重复","唯一")
A73: B021 | B73: ⬜ | C73: 67 | D73: 鳴き砂 | E73: 海滩的鸣沙 | F73: II 感知期 | G73: 外延单元 | H73: 城市特典·海岸 | I73: 8月 | J73: 珣 | K73: 光·慧美·志郎·珣·理紗·中谷（+瑆 笔记） | L73: 声学 | M73: 地质 | N73: 气象 | O73: 干湿影响 + 砂粒均匀度 + 鸣沙摩擦发声 | P73: 微观 | R73: =IF(COUNTIF($M$2:$M$101,M68)>1,"⚠ 重复","唯一")
A74: B022 | B74: ⬜ | C74: 68 | D74: 酒蔵の泡 | E74: 老酒窖的气泡 | F74: II 感知期 | G74: 外延单元 | H74: 城市特典·食农 | I74: 9月 | J74: 慧美 | K74: 光·慧美·志郎·珣·理紗·中谷（+瑆 笔记） | L74: 食品化学 | M74: 热学 | N74: 微生物 | O74: 发酵产气 + 杂菌污染 + 温度发酵速率 | P74: 实验 | R74: =IF(COUNTIF($M$2:$M$101,M69)>1,"⚠ 重复","唯一")
A75: A066 | B75: ⬜ | C75: 69 | D75: 神楽面の表情 | E75: 神乐面具的表情 | F75: II 感知期 | G75: 外延单元 | H75: 主题专项·民俗 | I75: 10月 | J75: 理紗·瑆 | K75: 光·慧美·志郎·珣·理紗·中谷（+瑆 笔记） | L75: 感知 | M75: 光学 | N75: 民俗 | O75: 符号识别 + 视角表情错觉 + 阴影塑形 | P75: 感知+人际 | R75: =IF(COUNTIF($M$2:$M$101,M70)>1,"⚠ 重复","唯一")
A76: B023 | B76: ⬜ | C76: 70 | D76: 古墳の石室 | E76: 古坟石室的凉 | F76: II 感知期 | G76: 外延单元 | H76: 城市特典·考古 | I76: 11月 | J76: 珣·葛西 | K76: 光·慧美·志郎·珣·理紗·中谷·葛西（+瑆 笔记） | L76: 地质 | M76: 材料 | N76: 气象 | O76: 地中恒温 + 石室结露 + 石材热惰性 | P76: 微观+溯源 | R76: =IF(COUNTIF($M$2:$M$101,M71)>1,"⚠ 重复","唯一")
A77: A067 | B77: ⬜ | C77: 71 | D77: だるまの目 | E77: 不倒翁的眼睛 | F77: II 感知期 | G77: 外延单元 | H77: 主题专项·民俗 | I77: 12月 | J77: 志郎 | K77: 光·慧美·志郎·珣·理紗·中谷（+瑆 笔记） | L77: 力学 | M77: 物理 | N77: 民俗 | O77: 低重心稳定 + 摆动阻尼 + 民俗祈愿 | P77: 结构还原 | R77: =IF(COUNTIF($M$2:$M$101,M72)>1,"⚠ 重复","唯一")
A78: B024 | B78: ⬜ | C78: 72 | D78: 茶室のにじり口 | E78: 茶室小门的光 | F78: II 感知期 | G78: 外延单元 | H78: 城市特典·茶道 | I78: 1月 | J78: 理紗 | K78: 光·慧美·志郎·珣·理紗·中谷（+瑆 笔记） | L78: 建筑 | M78: 人体 | N78: 心理 | O78: 小开口采光 + 明暗适应 + 空间心理 | P78: 感知 | R78: =IF(COUNTIF($M$2:$M$101,M73)>1,"⚠ 重复","唯一")
A79: A068 | B79: ⬜ · ★L02 | C79: 73 | D79: 古地図の道 | E79: 古地图上的路 | F79: II 感知期 | G79: 范式深化 | H79: 社区·长线 | I79: 2月 | J79: 葛西·珣 | K79: 光·慧美·志郎·珣·理紗·中谷·葛西（+瑆 笔记） | L79: 地理 | M79: 历史 | N79: 天文 | O79: 古道选线 + 磁偏角 + 等高线判读 | P79: 溯源+微观 | Q79: 长线收束点②(地图线) | R79: =IF(COUNTIF($M$2:$M$101,M74)>1,"⚠ 重复","唯一")
A80: A069 | B80: ⬜ | C80: 74 | D80: 提灯行列の灯 | E80: 灯笼游行的火 | F80: II 感知期 | G80: 外延单元 | H80: 季节特别·祭典 | I80: 3月 | J80: 珣 | K80: 光·慧美·志郎·珣·理紗·中谷（+瑆 笔记） | L80: 热学 | M80: 流体 | N80: 感知 | O80: 群体光感 + 蜡烛对流焰 + 风中焰倾 | P80: 微观 | R80: =IF(COUNTIF($M$2:$M$101,M75)>1,"⚠ 重复","唯一")
A81: A070 | B81: ⬜ | C81: 75 | D81: 古時計の振り子 | E81: 老座钟的钟摆 | F81: II 感知期 | G81: 外延单元 | H81: 主题专项·历史 | I81: 4月 | J81: 慧美·志郎 | K81: 光·慧美·志郎·珣·理紗·中谷（+瑆 笔记） | L81: 力学 | M81: 热学 | N81: 数学 | O81: 单摆周期 + 摆长热胀 + 走时误差 | P81: 实验+结构 | R81: =IF(COUNTIF($M$2:$M$101,M76)>1,"⚠ 重复","唯一")
A82: B025 | B82: ⬜ · 有松絞 | C82: 76 | D82: 藍染め | E82: 染坊的蓝 | F82: II 感知期 | G82: 外延单元 | H82: 城市特典·染织 | I82: 5月 | J82: 慧美·理紗 | K82: 光·慧美·志郎·珣·理紗·中谷（+瑆 笔记） | L82: 化学 | M82: 材料 | N82: 光学 | O82: 媒染固色 + 阳光褪色 + 靛蓝氧化显色 | P82: 实验+感知 | R82: =IF(COUNTIF($M$2:$M$101,M77)>1,"⚠ 重复","唯一")
A83: A071 | B83: ⬜ | C83: 77 | D83: 絞りの模様 | E83: 绞染的花纹 | F83: II 感知期 | G83: 外延单元 | H83: 主题专项·染织 | I83: 6月 | J83: 瑆·理紗 | K83: 光·慧美·志郎·珣·理紗·中谷（+瑆 笔记） | L83: 几何 | M83: 数学 | N83: 流体 | O83: 折叠对称 + 毛细渗透 + 防染几何 | P83: 人际+感知 | R83: =IF(COUNTIF($M$2:$M$101,M78)>1,"⚠ 重复","唯一")
A84: A072 | B84: ⬜ | C84: 78 | D84: 古い写真機 | E84: 老相机的成像 | F84: II 感知期 | G84: 外延单元 | H84: 主题专项·摄影 | I84: 7月 | J84: 中谷·珣 | K84: 光·慧美·志郎·珣·理紗·中谷（+瑆 笔记） | L84: 光学 | M84: 化学 | N84: 工程 | O84: 感光银盐 + 曝光时间 + 镜头成像 | P84: 微观+实验 | R84: =IF(COUNTIF($M$2:$M$101,M79)>1,"⚠ 重复","唯一")
A85: B026 | B85: ⬜ | C85: 79 | D85: 雪国の二重窓 | E85: 雪国的双层窗 | F85: II 感知期 | G85: 外延单元 | H85: 城市特典·雪国 | I85: 12月 | J85: 志郎 | K85: 光·慧美·志郎·珣·理紗·中谷（+瑆 笔记） | L85: 材料 | M85: 气象 | N85: 热学 | O85: 双窗防结露 + 室内外温差 + 空气隔热层 | P85: 结构还原 | R85: =IF(COUNTIF($M$2:$M$101,M80)>1,"⚠ 重复","唯一")
A86: B027 | B86: ⬜ | C86: 80 | D86: 温泉の湯けむり | E86: 温泉的雾气 | F86: II 感知期 | G86: 外延单元 | H86: 城市特典·温泉 | I86: 1月 | J86: 珣·葛西 | K86: 光·慧美·志郎·珣·理紗·中谷·葛西（+瑆 笔记） | L86: 地质 | M86: 热学 | N86: 化学 | O86: 地热升温 + 硫磺气味 + 蒸汽凝结 | P86: 微观+溯源 | R86: =IF(COUNTIF($M$2:$M$101,M81)>1,"⚠ 重复","唯一")
A87: C004 | B87: ⬜ | C87: 81 | D87: 陶鈴の音 | E87: 陶铃的音高 | F87: II 感知期 | G87: 外延单元 | H87: 主题专项·陶 | I87: 8月 | J87: 珣 | K87: 光·慧美·志郎·珣·理紗·中谷（+瑆 笔记） | L87: 声学 | M87: 材料 | N87: 物理 | O87: 共鸣放大 + 空腔体积音高 + 陶壁厚度 | P87: 微观 | R87: =IF(COUNTIF($M$2:$M$101,M82)>1,"⚠ 重复","唯一")
A88: B028 | B88: ⬜ | C88: 82 | D88: 棚田の水 | E88: 梯田的水 | F88: II 感知期 | G88: 外延单元 | H88: 城市特典·农 | I88: 9月 | J88: 志郎 | K88: 光·慧美·志郎·珣·理紗·中谷（+瑆 笔记） | L88: 流体 | M88: 热学 | N88: 地质 | O88: 土壤保水 + 水温调节 + 自流灌溉 | P88: 结构还原 | R88: =IF(COUNTIF($M$2:$M$101,M83)>1,"⚠ 重复","唯一")
A89: A073 | B89: ⬜ | C89: 83 | D89: 蛍の光 | E89: 萤火虫的光 | F89: II 感知期 | G89: 外延单元 | H89: 季节特别·生物 | I89: 6月 | J89: 珣 | K89: 光·慧美·志郎·珣·理紗·中谷（+瑆 笔记） | L89: 生物 | M89: 化学 | N89: 气象 | O89: 求偶节律 + 温湿影响 + 生物发光 | P89: 微观 | R89: =IF(COUNTIF($M$2:$M$101,M84)>1,"⚠ 重复","唯一")
A90: A074 | B90: ⬜ | C90: 84 | D90: 古銭の緑青 | E90: 古钱的铜绿 | F90: II 感知期 | G90: 外延单元 | H90: 社区·历史 | I90: 10月 | J90: 葛西·慧美 | K90: 光·慧美·志郎·珣·理紗·中谷·葛西（+瑆 笔记） | L90: 化学 | M90: 材料 | N90: 历史 | O90: 酸雨加速 + 铜锈电化学 + 锈层年代 | P90: 溯源+实验 | Q90: 种子⑤(古钱) | R90: =IF(COUNTIF($M$2:$M$101,M85)>1,"⚠ 重复","唯一")
A91: C005 | B91: ⬜ | C91: 85 | D91: 紙風船 | E91: 纸气球的浮沉 | F91: II 感知期 | G91: 外延单元 | H91: 主题专项 | I91: 11月 | J91: 志郎 | K91: 光·慧美·志郎·珣·理紗·中谷（+瑆 笔记） | L91: 流体 | M91: 力学 | N91: 几何 | O91: 弹性恢复 + 形状稳定 + 空气阻力 | P91: 结构还原 | R91: =IF(COUNTIF($M$2:$M$101,M86)>1,"⚠ 重复","唯一")
A92: A075 | B92: ⬜ | C92: 86 | D92: 影踏み | E92: 踩影子游戏 | F92: II 感知期 | G92: 外延单元 | H92: 季节特别·校园 | I92: 9月 | J92: 慧美·瑆 | K92: 光·慧美·志郎·珣·理紗·中谷（+瑆 笔记） | L92: 数学 | M92: 几何 | N92: 天文 | O92: 影长比例 + 时刻变化 + 相似三角形 | P92: 实验+人际 | R92: =IF(COUNTIF($M$2:$M$101,M87)>1,"⚠ 重复","唯一")
A93: A076 | B93: ⬜ | C93: 87 | D93: 古井戸のこだま | E93: 古井的回声 | F93: II 感知期 | G93: 外延单元 | H93: 社区 | I93: 10月 | J93: 珣 | K93: 光·慧美·志郎·珣·理紗·中谷（+瑆 笔记） | L93: 声学 | M93: 数学 | N93: 物理 | O93: 井筒驻波 + 回声延时测深 + 水面反声 | P93: 微观 | R93: =IF(COUNTIF($M$2:$M$101,M88)>1,"⚠ 重复","唯一")
A94: A077 | B94: ⬜ | C94: 88 | D94: 紅葉の色 | E94: 红叶的颜色 | F94: II 感知期 | G94: 外延单元 | H94: 季节特别·生物 | I94: 11月 | J94: 珣·理紗 | K94: 光·慧美·志郎·珣·理紗·中谷（+瑆 笔记） | L94: 生物 | M94: 化学 | N94: 气象 | O94: 低温触发 + 光照影响 + 色素转换 | P94: 微观+感知 | R94: =IF(COUNTIF($M$2:$M$101,M89)>1,"⚠ 重复","唯一")
A95: A078 | B95: ⬜ | C95: 89 | D95: 古鏡の曇り | E95: 古镜的雾面 | F95: II 感知期 | G95: 外延单元 | H95: 社区·历史 | I95: 12月 | J95: 葛西·理紗 | K95: 光·慧美·志郎·珣·理紗·中谷·葛西（+瑆 笔记） | L95: 化学 | M95: 光学 | N95: 历史 | O95: 反射率下降 + 抛光技艺 + 镜面氧化 | P95: 溯源+感知 | R95: =IF(COUNTIF($M$2:$M$101,M90)>1,"⚠ 重复","唯一")
A96: A079 | B96: ⬜ · ★收束2 | C96: 90 | D96: 除夜の鐘 | E96: 除夕的钟声 | F96: II 感知期 | G96: 范式深化 | H96: 季节·长线 | I96: 1月除夕 | J96: 珣·葛西 | K96: 光·慧美·志郎·珣·理紗·中谷·葛西（+瑆 笔记） | L96: 声学 | M96: 民俗 | N96: 气象 | O96: 大钟低频共振 + 民俗数理 + 远距传声衰减 | P96: 微观+溯源 | Q96: 长线收束点③(钟声线) | R96: =IF(COUNTIF($M$2:$M$101,M91)>1,"⚠ 重复","唯一")
A97: A080 | B97: ⬜ · ★L03 | C97: 91 | D97: 古写真と今 | E97: 老照片与今天 | F97: III 拓展期 | G97: 范式深化 | H97: 拓展·长线 | I97: 2月 | J97: 中谷·葛西·瑆 | K97: 光·慧美·志郎·珣·理紗·中谷·葛西（+瑆 主笔） | L97: 光学 | M97: 历史 | N97: 几何 | O97: 城市变迁比对 + 拍摄方位推定 + 照片透视复原 | P97: 溯源+人际 | Q97: 长线收束点④(三线初汇) | R97: =IF(COUNTIF($M$2:$M$101,M92)>1,"⚠ 重复","唯一")
A98: A081 | B98: ⬜ | C98: 92 | D98: 失われた水路 | E98: 消失的水渠 | F98: III 拓展期 | G98: 外延单元 | H98: 拓展·历史复合 | I98: 3月 | J98: 志郎·葛西 | K98: 光·慧美·志郎·珣·理紗·中谷·葛西（+瑆 笔记） | L98: 历史 | M98: 流体 | N98: 地理 | O98: 古水利图 + 地势流向 + 遗迹定位 | P98: 结构+溯源 | R98: =IF(COUNTIF($M$2:$M$101,M93)>1,"⚠ 重复","唯一")
A99: A082 | B99: ⬜ | C99: 93 | D99: 祭りの起源 | E99: 祭典的起源 | F99: III 拓展期 | G99: 外延单元 | H99: 拓展·民俗复合 | I99: 4月 | J99: 瑆·珣 | K99: 光·慧美·志郎·珣·理紗·中谷（+瑆 笔记） | L99: 生物 | M99: 天文 | N99: 民俗 | O99: 历法节气 + 口传演变 + 物候农时 | P99: 人际+微观 | R99: =IF(COUNTIF($M$2:$M$101,M94)>1,"⚠ 重复","唯一")
A100: A083 | B100: ⬜ | C100: 94 | D100: 古道の道標 | E100: 古道的路标石 | F100: III 拓展期 | G100: 外延单元 | H100: 拓展·历史复合 | I100: 5月 | J100: 葛西·慧美 | K100: 光·慧美·志郎·珣·理紗·中谷·葛西（+瑆 笔记） | L100: 地质 | M100: 历史 | N100: 民俗 | O100: 古道刻字识读 + 度量衡变迁 + 风化定年 | P100: 溯源+实验 | R100: =IF(COUNTIF($M$2:$M$101,M95)>1,"⚠ 重复","唯一")
...

Sheet 知识域容量
A1: 知识域 | B1: 前100篇出现次数 | C1: 占比 | D1: 说明
A2: 人体 | B2: =COUNTIF(前100篇台账!$J$2:$L$101,A2) | C2: =B2/300 | D2: 组合层去重；单域可在不同三元组中复现
A3: 光学 | B3: =COUNTIF(前100篇台账!$J$2:$L$101,A3) | C3: =B3/300 | D3: 组合层去重；单域可在不同三元组中复现
A4: 几何 | B4: =COUNTIF(前100篇台账!$J$2:$L$101,A4) | C4: =B4/300 | D4: 组合层去重；单域可在不同三元组中复现
A5: 力学 | B5: =COUNTIF(前100篇台账!$J$2:$L$101,A5) | C5: =B5/300 | D5: 组合层去重；单域可在不同三元组中复现
A6: 动物 | B6: =COUNTIF(前100篇台账!$J$2:$L$101,A6) | C6: =B6/300 | D6: 组合层去重；单域可在不同三元组中复现
A7: 化学 | B7: =COUNTIF(前100篇台账!$J$2:$L$101,A7) | C7: =B7/300 | D7: 组合层去重；单域可在不同三元组中复现
A8: 历史 | B8: =COUNTIF(前100篇台账!$J$2:$L$101,A8) | C8: =B8/300 | D8: 组合层去重；单域可在不同三元组中复现
A9: 图书馆学 | B9: =COUNTIF(前100篇台账!$J$2:$L$101,A9) | C9: =B9/300 | D9: 组合层去重；单域可在不同三元组中复现
A10: 地理 | B10: =COUNTIF(前100篇台账!$J$2:$L$101,A10) | C10: =B10/300 | D10: 组合层去重；单域可在不同三元组中复现
A11: 地质 | B11: =COUNTIF(前100篇台账!$J$2:$L$101,A11) | C11: =B11/300 | D11: 组合层去重；单域可在不同三元组中复现
A12: 声学 | B12: =COUNTIF(前100篇台账!$J$2:$L$101,A12) | C12: =B12/300 | D12: 组合层去重；单域可在不同三元组中复现
A13: 天文 | B13: =COUNTIF(前100篇台账!$J$2:$L$101,A13) | C13: =B13/300 | D13: 组合层去重；单域可在不同三元组中复现
... A37: 食品化学 | B37: =COUNTIF(前100篇台账!$J$2:$L$101,A37) | C37: =B37/300 | D37: 组合层去重；单域可在不同三元组中复现
A38: 合计（应=300） | B38: =SUM(B2:B37)

Sheet 说明
A1: 《学堂奇事録》· 前100篇原理去重台账
A3: 范围：第 1–100 篇。1–40 = I 组建期；41–90 = II 感知期；91–100 = III 拓展期开篇。
A4: 51–100 为城市/历史复合密集区：载体重心压在「城市特典 + 社区历史长线」，葛西记忆线在此逐段展开。
A5: 行底色：黄=长线种子/收束点；浅绿=II 感知期(51–90)；浅橙=III 拓展期(91–100)。
A7: 去重机制：
A8: · 「三原理三元组（标准化）」= 三个核心原理排序后用 + 连接，是去重唯一键。
A9: · 「重复校验」=COUNTIF 自动比对全 100 行；当前应全部显示「唯一」。
A10: · 去重在「组合」层级——单域（气象、光学、历史…）可在不同三元组中复现，三元组本身唯一即可。
A12: 人物加入节点：陸珣=第1篇；山本理紗=第41篇；中谷琦=第53篇；葛西全藏=历史/旧物案不定期出场。
A13: 陸瑆成长：41篇起从记录者转向独立推理，III 拓展期多次领衔（91/93/95/100）。
A15: 新增第 101 篇及以后：
A16: 1. 定三个核心原理 → 排序写入「三原理三元组」列。
... A23: · zip-2 前100篇 · 增列 正典ID/gate_pass · Vol1 A001–A005 · #1→C001 · #100→D001
