Workbook

Sheet 前100篇台账
A1: 案号 | B1: 篇名（日） | C1: 篇名（中） | D1: 阶段 | E1: 层级 | F1: 载体 | G1: 季节 | H1: 领衔 | I1: 参与全员 | J1: 知识域 1 | K1: 知识域 2 | L1: 知识域 3 | M1: 三原理三元组（标准化） | N1: 主范式 | O1: 长线标记 | P1: 重复校验
A2: 1 | B2: 濡れる椅子 | C2: 总是湿的椅子 | D2: I 组建期 | E2: 核心连载 | F2: 校园 | G2: 4月 | H2: 光·慧美·珣 | I2: 光·慧美·志郎·珣（+瑆 笔记） | J2: 热学 | K2: 热传导 | L2: 气象 | M2: 窗框热传导 + 结露 + 露点湿度 | N2: 实验+微观 | O2: 入社案 | P2: =IF(COUNTIF($M$2:$M$101,M2)>1,"⚠ 重复","唯一") -> 唯一
A3: 2 | B3: 転がる消しゴム | C3: 谁偷了橡皮 | D3: I 组建期 | E3: 核心连载 | F3: 校园 | G3: 5月 | H3: 志郎 | I3: 光·慧美·志郎·珣（+瑆 笔记） | J3: 力学 | K3: 材料 | L3: 行为 | M3: 摩擦力 + 斜面滚动 + 行为习惯 | N3: 结构还原 | P3: =IF(COUNTIF($M$2:$M$101,M3)>1,"⚠ 重复","唯一") -> 唯一
A4: 3 | B4: アリの行列 | C4: 蚂蚁的队列 | D4: I 组建期 | E4: 核心连载 | F4: 校园·操场 | G4: 6月梅雨 | H4: 珣 | I4: 光·慧美·志郎·珣（+瑆 笔记） | J4: 生物 | K4: 化学 | L4: 气象 | M4: 信息素挥发 + 昆虫信息素 + 湿度扩散 | N4: 微观领域 | P4: =IF(COUNTIF($M$2:$M$101,M4)>1,"⚠ 重复","唯一") -> 唯一
A5: 4 | B5: 音楽室の和音 | C5: 音乐教室的怪声 | D5: I 组建期 | E5: 核心连载 | F5: 校园 | G5: 7月 | H5: 珣 | I5: 光·慧美·志郎·珣（+瑆 笔记） | J5: 声学 | K5: 音乐 | L5: 材料 | M5: 共振 + 和弦泛音 + 固体传声 | N5: 微观 | P5: =IF(COUNTIF($M$2:$M$101,M5)>1,"⚠ 重复","唯一") -> 唯一
A6: 5 | B6: 旗竿の影 | C6: 歪掉的旗杆影子 | D6: I 组建期 | E6: 核心连载 | F6: 校园·操场 | G6: 10月运动会 | H6: 慧美·珣 | I6: 光·慧美·志郎·珣（+瑆 笔记） | J6: 天文 | K6: 地理 | L6: 数学 | M6: 几何投影 + 太阳高度角 + 纬度时差 | N6: 实验+结构 | P6: =IF(COUNTIF($M$2:$M$101,M6)>1,"⚠ 重复","唯一") -> 唯一
A7: 6 | B7: 蛇口のぬるま湯 | C7: 水龙头里的温水 | D7: I 组建期 | E7: 核心连载 | F7: 校园 | G7: 8月 | H7: 志郎 | I7: 光·慧美·志郎·珣（+瑆 笔记） | J7: 热学 | K7: 地质 | L7: 工程 | M7: 土壤比热 + 管道埋深 + 管道热传导 | N7: 结构还原 | P7: =IF(COUNTIF($M$2:$M$101,M7)>1,"⚠ 重复","唯一") -> 唯一
A8: 7 | B8: 植木鉢の白い骨 | C8: 花盆里的白骨 | D8: I 组建期 | E8: 核心连载 | F8: 校园·植物角 | G8: 11月 | H8: 珣 | I8: 光·慧美·志郎·珣（+瑆 笔记） | J8: 微生物 | K8: 植物 | L8: 化学 | M8: 共生关系 + 真菌菌丝 + 菌丝代谢 | N8: 微观 | P8: =IF(COUNTIF($M$2:$M$101,M8)>1,"⚠ 重复","唯一") -> 唯一
A9: 8 | B9: 遅れる時計 | C9: 不走的钟 | D9: I 组建期 | E9: 核心连载 | F9: 校园 | G9: 12月 | H9: 慧美·珣 | I9: 光·慧美·志郎·珣（+瑆 笔记） | J9: 电子 | K9: 热学 | L9: 数学 | M9: 温差 + 石英晶振温度特性 + 误差累积 | N9: 实验+微观 | P9: =IF(COUNTIF($M$2:$M$101,M9)>1,"⚠ 重复","唯一") -> 唯一
A10: 9 | B10: ドアノブの火花 | C10: 会咬人的门把手 | D10: I 组建期 | E10: 核心连载 | F10: 校园·图书馆 | G10: 1月 | H10: 志郎 | I10: 光·慧美·志郎·珣（+瑆 笔记） | J10: 电磁 | K10: 材料 | L10: 气象 | M10: 导电性 + 干燥湿度 + 静电 | N10: 实验 | P10: =IF(COUNTIF($M$2:$M$101,M10)>1,"⚠ 重复","唯一") -> 唯一
A11: 10 | B11: 黒板の染み | C11: 黑板上的印记 | D11: I 组建期 | E11: 核心连载 | F11: 校园 | G11: 3月学年末 | H11: 慧美 | I11: 光·慧美·志郎·珣（+瑆 笔记） | J11: 化学 | K11: 材料 | L11: 光学 | M11: 相似相溶 + 窗格投影 + 表面张力 | N11: 实验 | P11: =IF(COUNTIF($M$2:$M$101,M11)>1,"⚠ 重复","唯一") -> 唯一
A12: 11 | B12: 廊下の口笛 | C12: 走廊的口哨声 | D12: I 组建期 | E12: 核心连载 | F12: 校园 | G12: 1月 | H12: 珣 | I12: 光·慧美·志郎·珣（+瑆 笔记） | J12: 声学 | K12: 流体 | L12: 建筑 | M12: 开口位置 + 狭管加速 + 风啸效应 | N12: 微观 | P12: =IF(COUNTIF($M$2:$M$101,M12)>1,"⚠ 重复","唯一") -> 唯一
A13: 12 | B13: 浮かぶ氷 | C13: 浮起来的冰块 | D13: I 组建期 | E13: 核心连载 | F13: 校园·给食 | G13: 2月 | H13: 慧美·志郎 | I13: 光·慧美·志郎·珣（+瑆 笔记） | J13: 力学 | K13: 热学 | L13: 材料 | M13: 密度差 + 浮力 + 融化吸热 | N13: 实验 | P13: =IF(COUNTIF($M$2:$M$101,M13)>1,"⚠ 重复","唯一") -> 唯一
A14: 13 | B14: 葛西さんの古地図 | C14: 葛西爷爷的旧地图 | D14: I 组建期 | E14: 核心连载 | F14: 社区 | G14: 3月 | H14: 葛西·珣 | I14: 光·慧美·志郎·珣·葛西（+瑆 笔记） | J14: 地理 | K14: 历史 | L14: 光学 | M14: 地图比例尺 + 地貌变迁 + 颜料褪色 | N14: 溯源+人际 | O14: 种子①(旧地图) | P14: =IF(COUNTIF($M$2:$M$101,M14)>1,"⚠ 重复","唯一") -> 唯一
A15: 14 | B15: 曲がるストロー | C15: 弯曲的吸管 | D15: I 组建期 | E15: 外延单元 | F15: 家庭 | G15: 4月 | H15: 珣·瑆 | I15: 光·慧美·志郎·珣（+瑆 笔记） | J15: 光学 | K15: 流体 | L15: 感知 | M15: 折射 + 液面 + 视错觉 | N15: 感知预热 | P15: =IF(COUNTIF($M$2:$M$101,M15)>1,"⚠ 重复","唯一") -> 唯一
A16: 15 | B16: におう教室 | C16: 有味道的教室 | D16: I 组建期 | E16: 核心连载 | F16: 校园 | G16: 5月 | H16: 慧美 | I16: 光·慧美·志郎·珣（+瑆 笔记） | J16: 食品化学 | K16: 微生物 | L16: 气象 | M16: 发酵气味 + 菌群 + 通风对流 | N16: 实验 | P16: =IF(COUNTIF($M$2:$M$101,M16)>1,"⚠ 重复","唯一") -> 唯一
A17: 16 | B17: 影絵の怪 | C17: 影子戏的怪影 | D17: I 组建期 | E17: 核心连载 | F17: 校园·社区 | G17: 6月 | H17: 珣 | I17: 光·慧美·志郎·珣（+瑆 笔记） | J17: 光学 | K17: 几何 | L17: 感知 | M17: 多光源影 + 投影几何 + 视错觉 | N17: 感知 | P17: =IF(COUNTIF($M$2:$M$101,M17)>1,"⚠ 重复","唯一") -> 唯一
A18: 17 | B18: 動く植木 | C18: 会动的盆栽 | D18: I 组建期 | E18: 核心连载 | F18: 校园·植物角 | G18: 7月 | H18: 珣 | I18: 光·慧美·志郎·珣（+瑆 笔记） | J18: 植物 | K18: 光学 | L18: 生物 | M18: 光周期 + 向光性 + 膨压运动 | N18: 微观 | P18: =IF(COUNTIF($M$2:$M$101,M18)>1,"⚠ 重复","唯一") -> 唯一
A19: 18 | B19: 鳥のものまね | C19: 鸟的口技 | D19: I 组建期 | E19: 外延单元 | F19: 社区·公园 | G19: 9月 | H19: 珣 | I19: 光·慧美·志郎·珣（+瑆 笔记） | J19: 动物 | K19: 声学 | L19: 人体 | M19: 听觉范围 + 声音频率 + 鸟类发声 | N19: 微观 | P19: =IF(COUNTIF($M$2:$M$101,M19)>1,"⚠ 重复","唯一") -> 唯一
A20: 19 | B20: 濡れない傘 | C20: 淋不湿的伞 | D20: I 组建期 | E20: 外延单元 | F20: 家庭 | G20: 10月秋雨 | H20: 志郎 | I20: 光·慧美·志郎·珣（+瑆 笔记） | J20: 材料 | K20: 流体 | L20: 化学 | M20: 涂层化学 + 疏水表面 + 表面张力 | N20: 结构 | P20: =IF(COUNTIF($M$2:$M$101,M20)>1,"⚠ 重复","唯一") -> 唯一
A21: 20 | B21: 消えた虹 | C21: 消失的彩虹 | D21: I 组建期 | E21: 核心连载 | F21: 校园 | G21: 11月 | H21: 慧美·珣 | I21: 光·慧美·志郎·珣（+瑆 笔记） | J21: 光学 | K21: 气象 | L21: 几何 | M21: 太阳角 + 水滴折射 + 色散 | N21: 实验+微观 | P21: =IF(COUNTIF($M$2:$M$101,M21)>1,"⚠ 重复","唯一") -> 唯一
A22: 21 | B22: 名古屋城のしゃちほこ | C22: 名古屋城的金鯱 | D22: I 组建期 | E22: 外延单元 | F22: 城市特典·远足 | G22: 4月 | H22: 志郎·珣 | I22: 光·慧美·志郎·珣（+瑆 笔记） | J22: 建筑 | K22: 材料 | L22: 历史 | M22: 抗震结构 + 避雷原理 + 金属氧化 | N22: 结构+溯源 | P22: =IF(COUNTIF($M$2:$M$101,M22)>1,"⚠ 重复","唯一") -> 唯一
A23: 22 | B23: 熱田の森 | C23: 热田神宫的森林 | D23: I 组建期 | E23: 外延单元 | F23: 城市特典·远足 | G23: 5月 | H23: 珣 | I23: 光·慧美·志郎·珣（+瑆 笔记） | J23: 生物 | K23: 气象 | L23: 声学 | M23: 树冠隔音 + 森林微气候 + 空气湿度 | N23: 微观 | P23: =IF(COUNTIF($M$2:$M$101,M23)>1,"⚠ 重复","唯一") -> 唯一
A24: 23 | B24: 犬山城の天守 | C24: 犬山城天守 | D24: I 组建期 | E24: 外延单元 | F24: 城市特典·修学旅行 | G24: 6月 | H24: 志郎·珣 | I24: 光·慧美·志郎·珣（+瑆 笔记） | J24: 力学 | K24: 建筑 | L24: 工程 | M24: 抗震阻尼 + 木构榫卯 + 重心平衡 | N24: 结构还原 | P24: =IF(COUNTIF($M$2:$M$101,M24)>1,"⚠ 重复","唯一") -> 唯一
A25: 24 | B25: リニア館の磁気 | C25: 磁浮馆的磁力 | D25: I 组建期 | E25: 外延单元 | F25: 城市特典·科学馆 | G25: 7月 | H25: 慧美·珣 | I25: 光·慧美·志郎·珣（+瑆 笔记） | J25: 电磁 | K25: 工程 | L25: 力学 | M25: 涡流 + 电磁感应 + 磁悬浮 | N25: 实验 | P25: =IF(COUNTIF($M$2:$M$101,M25)>1,"⚠ 重复","唯一") -> 唯一
A26: 25 | B26: 動物園の鳴き声 | C26: 东山动物园的叫声 | D26: I 组建期 | E26: 外延单元 | F26: 城市特典 | G26: 8月 | H26: 珣 | I26: 光·慧美·志郎·珣（+瑆 笔记） | J26: 动物 | K26: 声学 | L26: 行为 | M26: 共鸣腔 + 动物发声 + 行为信号 | N26: 微观 | P26: =IF(COUNTIF($M$2:$M$101,M26)>1,"⚠ 重复","唯一") -> 唯一
A27: 26 | B27: プラネタリウムの北 | C27: 天文馆的北方 | D27: I 组建期 | E27: 外延单元 | F27: 城市特典·天文 | G27: 9月 | H27: 慧美·珣 | I27: 光·慧美·志郎·珣（+瑆 笔记） | J27: 天文 | K27: 地理 | L27: 数学 | M27: 北极星定位 + 周日视运动 + 极轴 | N27: 实验 | P27: =IF(COUNTIF($M$2:$M$101,M27)>1,"⚠ 重复","唯一") -> 唯一
A28: 27 | B28: 美術館の青 | C28: 美术馆的蓝色 | D28: I 组建期 | E28: 外延单元 | F28: 城市特典·主题 | G28: 10月 | H28: 珣 | I28: 光·慧美·志郎·珣（+瑆 笔记） | J28: 色彩 | K28: 化学 | L28: 光学 | M28: 光反射 + 光致变色 + 矿物颜料 | N28: 微观 | O28: 种子②(矿物颜料) | P28: =IF(COUNTIF($M$2:$M$101,M28)>1,"⚠ 重复","唯一") -> 唯一
A29: 28 | B29: 川の四六分水 | C29: 河边的四六分水 | D29: I 组建期 | E29: 外延单元 | F29: 城市特典·治水 | G29: 11月 | H29: 志郎 | I29: 光·慧美·志郎·珣（+瑆 笔记） | J29: 流体 | K29: 工程 | L29: 地理 | M29: 分水力学 + 河床形态 + 流速分配 | N29: 结构 | P29: =IF(COUNTIF($M$2:$M$101,M29)>1,"⚠ 重复","唯一") -> 唯一
A30: 29 | B30: 味噌蔵の温度 | C30: 味噌作坊的温度 | D30: I 组建期 | E30: 外延单元 | F30: 城市特典·食农 | G30: 12月 | H30: 慧美 | I30: 光·慧美·志郎·珣（+瑆 笔记） | J30: 食品化学 | K30: 微生物 | L30: 热学 | M30: 味噌发酵 + 恒温控制 + 熟成菌群 | N30: 实验 | P30: =IF(COUNTIF($M$2:$M$101,M30)>1,"⚠ 重复","唯一") -> 唯一
A31: 30 | B31: 古い鐘の音 | C31: 古寺的钟声 | D31: I 组建期 | E31: 外延单元 | F31: 城市特典·历史 | G31: 1月初詣 | H31: 珣·葛西 | I31: 光·慧美·志郎·珣·葛西（+瑆 笔记） | J31: 声学 | K31: 材料 | L31: 历史 | M31: 合金成分 + 声衰减 + 钟体共振 | N31: 微观+溯源 | O31: 种子③(古钟合金) | P31: =IF(COUNTIF($M$2:$M$101,M31)>1,"⚠ 重复","唯一") -> 唯一
A32: 31 | B32: 夏祭りの提灯 | C32: 夏日祭的灯笼 | D32: I 组建期 | E32: 外延单元 | F32: 季节特别·祭典 | G32: 7月 | H32: 慧美·珣 | I32: 光·慧美·志郎·珣（+瑆 笔记） | J32: 热学 | K32: 流体 | L32: 光学 | M32: 光晕散射 + 热对流 + 空气浮力 | N32: 实验 | P32: =IF(COUNTIF($M$2:$M$101,M32)>1,"⚠ 重复","唯一") -> 唯一
A33: 32 | B33: 花火の遅れ | C33: 烟花的延迟 | D33: I 组建期 | E33: 外延单元 | F33: 季节特别·祭典 | G33: 8月 | H33: 珣 | I33: 光·慧美·志郎·珣（+瑆 笔记） | J33: 声学 | K33: 光学 | L33: 数学 | M33: 光速差 + 声速 + 测距计算 | N33: 微观+实验 | P33: =IF(COUNTIF($M$2:$M$101,M33)>1,"⚠ 重复","唯一") -> 唯一
A34: 33 | B34: 体育祭の白線 | C34: 运动会的白线 | D34: I 组建期 | E34: 外延单元 | F34: 季节特别·校园 | G34: 9月运动会 | H34: 慧美·志郎 | I34: 光·慧美·志郎·珣（+瑆 笔记） | J34: 化学 | K34: 材料 | L34: 几何 | M34: 直线测放 + 石灰反应 + 粉末附着 | N34: 实验 | P34: =IF(COUNTIF($M$2:$M$101,M34)>1,"⚠ 重复","唯一") -> 唯一
A35: 34 | B35: 落ち葉の渦 | C35: 落叶的漩涡 | D35: I 组建期 | E35: 外延单元 | F35: 季节特别·秋 | G35: 11月 | H35: 珣 | I35: 光·慧美·志郎·珣（+瑆 笔记） | J35: 流体 | K35: 气象 | L35: 力学 | M35: 卡门涡街 + 涡流脱落 + 风压 | N35: 微观 | P35: =IF(COUNTIF($M$2:$M$101,M35)>1,"⚠ 重复","唯一") -> 唯一
A36: 35 | B36: 給食のゼリー | C36: 给食的果冻 | D36: I 组建期 | E36: 外延单元 | F36: 主题专项·食品 | G36: 1月 | H36: 慧美 | I36: 光·慧美·志郎·珣（+瑆 笔记） | J36: 食品化学 | K36: 材料 | L36: 生物 | M36: 凝胶化 + 温度控制 + 蛋白酶 | N36: 实验 | P36: =IF(COUNTIF($M$2:$M$101,M36)>1,"⚠ 重复","唯一") -> 唯一
A37: 36 | B37: 図書室の迷子本 | C37: 图书室的迷路书 | D37: I 组建期 | E37: 外延单元 | F37: 主题专项·图书馆学 | G37: 2月 | H37: 瑆 | I37: 光·慧美·志郎·珣（+瑆 笔记） | J37: 图书馆学 | K37: 逻辑 | L37: 心理 | M37: 借阅行为 + 图书分类 + 索书号系统 | N37: 人际+逻辑 | P37: =IF(COUNTIF($M$2:$M$101,M37)>1,"⚠ 重复","唯一") -> 唯一
A38: 37 | B38: 自由研究の失敗 | C38: 自由研究的失败 | D38: I 组建期 | E38: 外延单元 | F38: 季节特别·暑假 | G38: 8月 | H38: 慧美 | I38: 光·慧美·志郎·珣（+瑆 笔记） | J38: 实验方法 | K38: 数学 | L38: 逻辑 | M38: 实验误差 + 对照实验 + 概率思维 | N38: 实验 | P38: =IF(COUNTIF($M$2:$M$101,M38)>1,"⚠ 重复","唯一") -> 唯一
A39: 38 | B39: 雪の朝の足跡 | C39: 雪天早晨的脚印 | D39: I 组建期 | E39: 外延单元 | F39: 季节特别·冬 | G39: 12月 | H39: 珣 | I39: 光·慧美·志郎·珣（+瑆 笔记） | J39: 物态 | K39: 热学 | L39: 感知 | M39: 压力融化 + 痕迹错视 + 雪面热传导 | N39: 微观 | P39: =IF(COUNTIF($M$2:$M$101,M39)>1,"⚠ 重复","唯一") -> 唯一
A40: 39 | B40: 風の日の窓 | C40: 刮风天的窗户 | D40: I 组建期 | E40: 外延单元 | F40: 主题专项·建筑物理 | G40: 3月春一番 | H40: 志郎 | I40: 光·慧美·志郎·珣（+瑆 笔记） | J40: 流体 | K40: 建筑 | L40: 声学 | M40: 伯努利效应 + 建筑风压 + 缝隙啸声 | N40: 结构 | P40: =IF(COUNTIF($M$2:$M$101,M40)>1,"⚠ 重复","唯一") -> 唯一
A41: 40 | B41: 古いラジオの声 | C41: 旧收音机的杂音 | D41: I 组建期 | E41: 外延单元 | F41: 主题专项·电 | G41: 4月 | H41: 珣 | I41: 光·慧美·志郎·珣（+瑆 笔记） | J41: 电磁 | K41: 电子 | L41: 材料 | M41: 天线接收 + 无线电串扰 + 电磁屏蔽 | N41: 微观 | P41: =IF(COUNTIF($M$2:$M$101,M41)>1,"⚠ 重复","唯一") -> 唯一
A42: 41 | B42: 色が違う絵 | C42: 颜色不对的画 | D42: II 感知期 | E42: 外延单元 | F42: 主题专项·感知 | G42: 5月 | H42: 理紗·慧美 | I42: 光·慧美·志郎·珣·理紗（+瑆 笔记） | J42: 色彩 | K42: 光学 | L42: 心理 | M42: 条件等色 + 色彩恒常 + 色温 | N42: 感知+实验 | O42: 理紗入社 | P42: =IF(COUNTIF($M$2:$M$101,M42)>1,"⚠ 重复","唯一") -> 唯一
A43: 42 | B43: 聞こえないノック | C43: 听不见的敲门 | D43: II 感知期 | E43: 外延单元 | F43: 主题专项·声 | G43: 6月 | H43: 理紗·珣 | I43: 光·慧美·志郎·珣·理紗（+瑆 笔记） | J43: 声学 | K43: 人体 | L43: 物理 | M43: 听觉频率 + 空腔共鸣 + 超声波 | N43: 感知+微观 | P43: =IF(COUNTIF($M$2:$M$101,M43)>1,"⚠ 重复","唯一") -> 唯一
A44: 43 | B44: 鏡の中の文字 | C44: 镜中的文字 | D44: II 感知期 | E44: 外延单元 | F44: 主题专项·光 | G44: 7月 | H44: 理紗·慧美 | I44: 光·慧美·志郎·珣·理紗（+瑆 笔记） | J44: 光学 | K44: 几何 | L44: 心理 | M44: 左右镜像 + 空间认知 + 镜面反射 | N44: 感知 | P44: =IF(COUNTIF($M$2:$M$101,M44)>1,"⚠ 重复","唯一") -> 唯一
A45: 44 | B45: にじむ夕焼け | C45: 晕开的晚霞 | D45: II 感知期 | E45: 外延单元 | F45: 主题专项·气象光 | G45: 9月 | H45: 理紗·慧美 | I45: 光·慧美·志郎·珣·理紗（+瑆 笔记） | J45: 气象 | K45: 光学 | L45: 物理 | M45: 大气色散 + 瑞利散射 + 雾汽散射 | N45: 感知+实验 | P45: =IF(COUNTIF($M$2:$M$101,M45)>1,"⚠ 重复","唯一") -> 唯一
A46: 45 | B46: 動かない秒針 | C46: 不动的秒针 | D46: II 感知期 | E46: 外延单元 | F46: 主题专项·感知光 | G46: 10月 | H46: 理紗·珣 | I46: 光·慧美·志郎·珣·理紗（+瑆 笔记） | J46: 光学 | K46: 感知 | L46: 物理 | M46: 周期同步 + 视觉暂留 + 频闪错觉 | N46: 感知+微观 | P46: =IF(COUNTIF($M$2:$M$101,M46)>1,"⚠ 重复","唯一") -> 唯一
A47: 46 | B47: 影が二つ | C47: 两个影子 | D47: II 感知期 | E47: 外延单元 | F47: 主题专项·光 | G47: 11月 | H47: 理紗·珣 | I47: 光·慧美·志郎·珣·理紗（+瑆 笔记） | J47: 光学 | K47: 物理 | L47: 感知 | M47: 投影叠加 + 本影半影 + 点光源阵列 | N47: 感知 | P47: =IF(COUNTIF($M$2:$M$101,M47)>1,"⚠ 重复","唯一") -> 唯一
A48: 47 | B48: 透明な膜の色 | C48: 透明膜的颜色 | D48: II 感知期 | E48: 外延单元 | F48: 主题专项·光材料 | G48: 12月 | H48: 理紗·慧美 | I48: 光·慧美·志郎·珣·理紗（+瑆 笔记） | J48: 光学 | K48: 材料 | L48: 物理 | M48: 折射率 + 膜厚 + 薄膜干涉 | N48: 感知+实验 | P48: =IF(COUNTIF($M$2:$M$101,M48)>1,"⚠ 重复","唯一") -> 唯一
A49: 48 | B49: 凍る池の音 | C49: 结冰池塘的声音 | D49: II 感知期 | E49: 外延单元 | F49: 季节特别·冬 | G49: 1月 | H49: 理紗·珣 | I49: 光·慧美·志郎·珣·理紗（+瑆 笔记） | J49: 声学 | K49: 物态 | L49: 物理 | M49: 低温传声 + 冰层振动 + 热胀冷缩 | N49: 感知+微观 | P49: =IF(COUNTIF($M$2:$M$101,M49)>1,"⚠ 重复","唯一") -> 唯一
A50: 49 | B50: 曲がって見える線路 | C50: 看起来弯的铁轨 | D50: II 感知期 | E50: 外延单元 | F50: 城市特典·感知 | G50: 2月 | H50: 理紗·慧美 | I50: 光·慧美·志郎·珣·理紗（+瑆 笔记） | J50: 光学 | K50: 心理 | L50: 物理 | M50: 热气折射 + 距离错视 + 透视收敛 | N50: 感知 | P50: =IF(COUNTIF($M$2:$M$101,M50)>1,"⚠ 重复","唯一") -> 唯一
A51: 50 | B51: 葛西さんの古写真 | C51: 葛西爷爷的旧照片 | D51: II 感知期 | E51: 范式深化 | F51: 社区·长线 | G51: 3月 | H51: 葛西·瑆·理紗 | I51: 光·慧美·志郎·珣·理紗·葛西（+瑆 主笔） | J51: 历史 | K51: 光学 | L51: 化学 | M51: 城市变迁 + 照片褪色 + 银盐化学 | N51: 溯源+人际+感知 | O51: 长线收束点① | P51: =IF(COUNTIF($M$2:$M$101,M51)>1,"⚠ 重复","唯一") -> 唯一
A52: 51 | B52: 窯変の招き猫 | C52: 常滑招财猫的窑变色 | D52: II 感知期 | E52: 外延单元 | F52: 城市特典·常滑 | G52: 4月 | H52: 慧美·珣 | I52: 光·慧美·志郎·珣·理紗（+瑆 笔记） | J52: 化学 | K52: 色彩 | L52: 热学 | M52: 窑温梯度 + 还原焰氧化焰 + 釉料金属呈色 | N52: 实验+微观 | P52: =IF(COUNTIF($M$2:$M$101,M52)>1,"⚠ 重复","唯一") -> 唯一
A53: 52 | B53: 瀬戸物のひび | C53: 濑户陶器的裂纹 | D53: II 感知期 | E53: 外延单元 | F53: 城市特典·瀬戸 | G53: 5月 | H53: 志郎·珣 | I53: 光·慧美·志郎·珣·理紗（+瑆 笔记） | J53: 材料 | K53: 热学 | L53: 声学 | M53: 急冷应力 + 敲击声判别 + 釉面热膨胀差 | N53: 结构还原 | P53: =IF(COUNTIF($M$2:$M$101,M53)>1,"⚠ 重复","唯一") -> 唯一
A54: 53 | B54: 中谷くんの一枚 | C54: 中谷的一张照片 | D54: II 感知期 | E54: 外延单元 | F54: 主题专项·摄影 | G54: 6月 | H54: 中谷·瑆 | I54: 光·慧美·志郎·珣·理紗·中谷（+瑆 笔记） | J54: 光学 | K54: 力学 | L54: 逻辑 | M54: 时序证据 + 景深光圈 + 运动模糊 | N54: 人际+实验 | O54: 中谷入队 | P54: =IF(COUNTIF($M$2:$M$101,M54)>1,"⚠ 重复","唯一") -> 唯一
A55: 54 | B55: 神社の鈴 | C55: 神社铃铛的声音 | D55: II 感知期 | E55: 外延单元 | F55: 城市特典·神社 | G55: 7月 | H55: 珣 | I55: 光·慧美·志郎·珣·理紗·中谷（+瑆 笔记） | J55: 声学 | K55: 物理 | L55: 流体 | M55: 拍频 + 金属铃共鸣 + 风激振动 | N55: 微观 | P55: =IF(COUNTIF($M$2:$M$101,M55)>1,"⚠ 重复","唯一") -> 唯一
A56: 55 | B56: 古井戸の水位 | C56: 古井的水位 | D56: II 感知期 | E56: 外延单元 | F56: 社区·历史 | G56: 8月 | H56: 志郎·葛西 | I56: 光·慧美·志郎·珣·理紗·中谷·葛西（+瑆 笔记） | J56: 地质 | K56: 流体 | L56: 气象 | M56: 地下水位变化 + 连通器原理 + 降水滞后 | N56: 结构+溯源 | P56: =IF(COUNTIF($M$2:$M$101,M56)>1,"⚠ 重复","唯一") -> 唯一
A57: 56 | B57: 切手の裏の文字 | C57: 邮票背面的字 | D57: II 感知期 | E57: 外延单元 | F57: 主题专项·显色 | G57: 9月 | H57: 慧美·中谷 | I57: 光·慧美·志郎·珣·理紗·中谷（+瑆 笔记） | J57: 化学 | K57: 光学 | L57: 材料 | M57: 紫外荧光 + 胶层吸湿 + 隐显墨水 | N57: 实验 | P57: =IF(COUNTIF($M$2:$M$101,M57)>1,"⚠ 重复","唯一") -> 唯一
A58: 57 | B58: 鏡池の逆さ富士 | C58: 镜池的倒影 | D58: II 感知期 | E58: 外延单元 | F58: 城市特典·水镜 | G58: 10月 | H58: 理紗 | I58: 光·慧美·志郎·珣·理紗·中谷（+瑆 笔记） | J58: 光学 | K58: 流体 | L58: 几何 | M58: 对称成像 + 水面镜反射 + 风浪扰动 | N58: 感知 | P58: =IF(COUNTIF($M$2:$M$101,M58)>1,"⚠ 重复","唯一") -> 唯一
A59: 58 | B59: 回り灯籠 | C59: 走马灯的影 | D59: II 感知期 | E59: 外延单元 | F59: 季节特别·主题 | G59: 11月 | H59: 珣·理紗 | I59: 光·慧美·志郎·珣·理紗·中谷（+瑆 笔记） | J59: 热学 | K59: 光学 | L59: 感知 | M59: 旋转投影 + 暂留残像 + 热气流驱动 | N59: 微观+感知 | P59: =IF(COUNTIF($M$2:$M$101,M59)>1,"⚠ 重复","唯一") -> 唯一
A60: 59 | B60: 合掌造りの屋根 | C60: 飞驒合掌屋顶 | D60: II 感知期 | E60: 外延单元 | F60: 城市特典·飛騨 | G60: 12月 | H60: 志郎·珣 | I60: 光·慧美·志郎·珣·理紗·中谷（+瑆 笔记） | J60: 建筑 | K60: 力学 | L60: 生物 | M60: 烟熏防虫 + 茅葺隔热 + 陡坡排雪 | N60: 结构还原 | P60: =IF(COUNTIF($M$2:$M$101,M60)>1,"⚠ 重复","唯一") -> 唯一
A61: 60 | B61: 養老の滝の虹 | C61: 养老瀑布的彩虹 | D61: II 感知期 | E61: 外延单元 | F61: 城市特典·養老 | G61: 1月 | H61: 理紗·珣 | I61: 光·慧美·志郎·珣·理紗·中谷（+瑆 笔记） | J61: 光学 | K61: 气象 | L61: 天文 | M61: 偏振 + 太阳方位角 + 水雾色散 | N61: 感知+微观 | P61: =IF(COUNTIF($M$2:$M$101,M61)>1,"⚠ 重复","唯一") -> 唯一
A62: 61 | B62: 関ヶ原の風 | C62: 关原的风与雾 | D62: II 感知期 | E62: 外延单元 | F62: 城市特典·历史 | G62: 2月 | H62: 葛西·珣 | I62: 光·慧美·志郎·珣·理紗·中谷·葛西（+瑆 笔记） | J62: 气象 | K62: 地理 | L62: 历史 | M62: 古战场地形 + 盆地地形风 + 辐射雾形成 | N62: 溯源+微观 | P62: =IF(COUNTIF($M$2:$M$101,M62)>1,"⚠ 重复","唯一") -> 唯一
A63: 62 | B63: 古文書の褪せ墨 | C63: 古书信的褪墨 | D63: II 感知期 | E63: 外延单元 | F63: 社区·历史 | G63: 3月 | H63: 葛西·瑆 | I63: 光·慧美·志郎·珣·理紗·中谷·葛西（+瑆 笔记） | J63: 化学 | K63: 材料 | L63: 历史 | M63: 古文字识读 + 纸张酸化 + 铁胆墨水氧化 | N63: 溯源+人际 | O63: 种子④(古书信) | P63: =IF(COUNTIF($M$2:$M$101,M63)>1,"⚠ 重复","唯一") -> 唯一
A64: 63 | B64: 七輪の炭火 | C64: 七轮炭火的温度 | D64: II 感知期 | E64: 外延单元 | F64: 主题专项·食农 | G64: 4月 | H64: 慧美 | I64: 光·慧美·志郎·珣·理紗·中谷（+瑆 笔记） | J64: 热学 | K64: 化学 | L64: 流体 | M64: 不完全燃烧 + 红外辐射加热 + 通风控温 | N64: 实验 | P64: =IF(COUNTIF($M$2:$M$101,M64)>1,"⚠ 重复","唯一") -> 唯一
A65: 64 | B65: 招き猫の右手左手 | C65: 招财猫举哪只手 | D65: II 感知期 | E65: 外延单元 | F65: 主题专项·民俗 | G65: 5月 | H65: 瑆·理紗 | I65: 光·慧美·志郎·珣·理紗·中谷（+瑆 笔记） | J65: 数学 | K65: 心理 | L65: 民俗 | M65: 左右习惯 + 记忆错误 + 镜像对称 | N65: 人际+感知 | P65: =IF(COUNTIF($M$2:$M$101,M65)>1,"⚠ 重复","唯一") -> 唯一
A66: 65 | B66: 潮だまりの生き物 | C66: 海边潮池的生物 | D66: II 感知期 | E66: 外延单元 | F66: 城市特典·海岸 | G66: 6月 | H66: 珣 | I66: 光·慧美·志郎·珣·理紗·中谷（+瑆 笔记） | J66: 天文 | K66: 化学 | L66: 生物 | M66: 潮汐月相 + 潮间带生态 + 蒸发盐度 | N66: 微观 | P66: =IF(COUNTIF($M$2:$M$101,M66)>1,"⚠ 重复","唯一") -> 唯一
A67: 66 | B67: 灯台の光 | C67: 灯塔的光 | D67: II 感知期 | E67: 外延单元 | F67: 城市特典·海岸 | G67: 7月 | H67: 志郎·珣 | I67: 光·慧美·志郎·珣·理紗·中谷（+瑆 笔记） | J67: 光学 | K67: 工程 | L67: 气象 | M67: 旋转周期 + 菲涅尔透镜 + 雾中能见度 | N67: 结构还原 | P67: =IF(COUNTIF($M$2:$M$101,M67)>1,"⚠ 重复","唯一") -> 唯一
A68: 67 | B68: 鳴き砂 | C68: 海滩的鸣沙 | D68: II 感知期 | E68: 外延单元 | F68: 城市特典·海岸 | G68: 8月 | H68: 珣 | I68: 光·慧美·志郎·珣·理紗·中谷（+瑆 笔记） | J68: 声学 | K68: 地质 | L68: 气象 | M68: 干湿影响 + 砂粒均匀度 + 鸣沙摩擦发声 | N68: 微观 | P68: =IF(COUNTIF($M$2:$M$101,M68)>1,"⚠ 重复","唯一") -> 唯一
A69: 68 | B69: 酒蔵の泡 | C69: 老酒窖的气泡 | D69: II 感知期 | E69: 外延单元 | F69: 城市特典·食农 | G69: 9月 | H69: 慧美 | I69: 光·慧美·志郎·珣·理紗·中谷（+瑆 笔记） | J69: 食品化学 | K69: 热学 | L69: 微生物 | M69: 发酵产气 + 杂菌污染 + 温度发酵速率 | N69: 实验 | P69: =IF(COUNTIF($M$2:$M$101,M69)>1,"⚠ 重复","唯一") -> 唯一
A70: 69 | B70: 神楽面の表情 | C70: 神乐面具的表情 | D70: II 感知期 | E70: 外延单元 | F70: 主题专项·民俗 | G70: 10月 | H70: 理紗·瑆 | I70: 光·慧美·志郎·珣·理紗·中谷（+瑆 笔记） | J70: 感知 | K70: 光学 | L70: 民俗 | M70: 符号识别 + 视角表情错觉 + 阴影塑形 | N70: 感知+人际 | P70: =IF(COUNTIF($M$2:$M$101,M70)>1,"⚠ 重复","唯一") -> 唯一
A71: 70 | B71: 古墳の石室 | C71: 古坟石室的凉 | D71: II 感知期 | E71: 外延单元 | F71: 城市特典·考古 | G71: 11月 | H71: 珣·葛西 | I71: 光·慧美·志郎·珣·理紗·中谷·葛西（+瑆 笔记） | J71: 地质 | K71: 材料 | L71: 气象 | M71: 地中恒温 + 石室结露 + 石材热惰性 | N71: 微观+溯源 | P71: =IF(COUNTIF($M$2:$M$101,M71)>1,"⚠ 重复","唯一") -> 唯一
A72: 71 | B72: だるまの目 | C72: 不倒翁的眼睛 | D72: II 感知期 | E72: 外延单元 | F72: 主题专项·民俗 | G72: 12月 | H72: 志郎 | I72: 光·慧美·志郎·珣·理紗·中谷（+瑆 笔记） | J72: 力学 | K72: 物理 | L72: 民俗 | M72: 低重心稳定 + 摆动阻尼 + 民俗祈愿 | N72: 结构还原 | P72: =IF(COUNTIF($M$2:$M$101,M72)>1,"⚠ 重复","唯一") -> 唯一
A73: 72 | B73: 茶室のにじり口 | C73: 茶室小门的光 | D73: II 感知期 | E73: 外延单元 | F73: 城市特典·茶道 | G73: 1月 | H73: 理紗 | I73: 光·慧美·志郎·珣·理紗·中谷（+瑆 笔记） | J73: 建筑 | K73: 人体 | L73: 心理 | M73: 小开口采光 + 明暗适应 + 空间心理 | N73: 感知 | P73: =IF(COUNTIF($M$2:$M$101,M73)>1,"⚠ 重复","唯一") -> 唯一
A74: 73 | B74: 古地図の道 | C74: 古地图上的路 | D74: II 感知期 | E74: 范式深化 | F74: 社区·长线 | G74: 2月 | H74: 葛西·珣 | I74: 光·慧美·志郎·珣·理紗·中谷·葛西（+瑆 笔记） | J74: 地理 | K74: 历史 | L74: 天文 | M74: 古道选线 + 磁偏角 + 等高线判读 | N74: 溯源+微观 | O74: 长线收束点②(地图线) | P74: =IF(COUNTIF($M$2:$M$101,M74)>1,"⚠ 重复","唯一") -> 唯一
A75: 74 | B75: 提灯行列の灯 | C75: 灯笼游行的火 | D75: II 感知期 | E75: 外延单元 | F75: 季节特别·祭典 | G75: 3月 | H75: 珣 | I75: 光·慧美·志郎·珣·理紗·中谷（+瑆 笔记） | J75: 热学 | K75: 流体 | L75: 感知 | M75: 群体光感 + 蜡烛对流焰 + 风中焰倾 | N75: 微观 | P75: =IF(COUNTIF($M$2:$M$101,M75)>1,"⚠ 重复","唯一") -> 唯一
A76: 75 | B76: 古時計の振り子 | C76: 老座钟的钟摆 | D76: II 感知期 | E76: 外延单元 | F76: 主题专项·历史 | G76: 4月 | H76: 慧美·志郎 | I76: 光·慧美·志郎·珣·理紗·中谷（+瑆 笔记） | J76: 力学 | K76: 热学 | L76: 数学 | M76: 单摆周期 + 摆长热胀 + 走时误差 | N76: 实验+结构 | P76: =IF(COUNTIF($M$2:$M$101,M76)>1,"⚠ 重复","唯一") -> 唯一
A77: 76 | B77: 藍染め | C77: 染坊的蓝 | D77: II 感知期 | E77: 外延单元 | F77: 城市特典·染织 | G77: 5月 | H77: 慧美·理紗 | I77: 光·慧美·志郎·珣·理紗·中谷（+瑆 笔记） | J77: 化学 | K77: 材料 | L77: 光学 | M77: 媒染固色 + 阳光褪色 + 靛蓝氧化显色 | N77: 实验+感知 | P77: =IF(COUNTIF($M$2:$M$101,M77)>1,"⚠ 重复","唯一") -> 唯一
A78: 77 | B78: 絞りの模様 | C78: 绞染的花纹 | D78: II 感知期 | E78: 外延单元 | F78: 主题专项·染织 | G78: 6月 | H78: 瑆·理紗 | I78: 光·慧美·志郎·珣·理紗·中谷（+瑆 笔记） | J78: 几何 | K78: 数学 | L78: 流体 | M78: 折叠对称 + 毛细渗透 + 防染几何 | N78: 人际+感知 | P78: =IF(COUNTIF($M$2:$M$101,M78)>1,"⚠ 重复","唯一") -> 唯一
A79: 78 | B79: 古い写真機 | C79: 老相机的成像 | D79: II 感知期 | E79: 外延单元 | F79: 主题专项·摄影 | G79: 7月 | H79: 中谷·珣 | I79: 光·慧美·志郎·珣·理紗·中谷（+瑆 笔记） | J79: 光学 | K79: 化学 | L79: 工程 | M79: 感光银盐 + 曝光时间 + 镜头成像 | N79: 微观+实验 | P79: =IF(COUNTIF($M$2:$M$101,M79)>1,"⚠ 重复","唯一") -> 唯一
A80: 79 | B80: 雪国の二重窓 | C80: 雪国的双层窗 | D80: II 感知期 | E80: 外延单元 | F80: 城市特典·雪国 | G80: 12月 | H80: 志郎 | I80: 光·慧美·志郎·珣·理紗·中谷（+瑆 笔记） | J80: 材料 | K80: 气象 | L80: 热学 | M80: 双窗防结露 + 室内外温差 + 空气隔热层 | N80: 结构还原 | P80: =IF(COUNTIF($M$2:$M$101,M80)>1,"⚠ 重复","唯一") -> 唯一
A81: 80 | B81: 温泉の湯けむり | C81: 温泉的雾气 | D81: II 感知期 | E81: 外延单元 | F81: 城市特典·温泉 | G81: 1月 | H81: 珣·葛西 | I81: 光·慧美·志郎·珣·理紗·中谷·葛西（+瑆 笔记） | J81: 地质 | K81: 热学 | L81: 化学 | M81: 地热升温 + 硫磺气味 + 蒸汽凝结 | N81: 微观+溯源 | P81: =IF(COUNTIF($M$2:$M$101,M81)>1,"⚠ 重复","唯一") -> 唯一
A82: 81 | B82: 陶鈴の音 | C82: 陶铃的音高 | D82: II 感知期 | E82: 外延单元 | F82: 主题专项·陶 | G82: 8月 | H82: 珣 | I82: 光·慧美·志郎·珣·理紗·中谷（+瑆 笔记） | J82: 声学 | K82: 材料 | L82: 物理 | M82: 共鸣放大 + 空腔体积音高 + 陶壁厚度 | N82: 微观 | P82: =IF(COUNTIF($M$2:$M$101,M82)>1,"⚠ 重复","唯一") -> 唯一
A83: 82 | B83: 棚田の水 | C83: 梯田的水 | D83: II 感知期 | E83: 外延单元 | F83: 城市特典·农 | G83: 9月 | H83: 志郎 | I83: 光·慧美·志郎·珣·理紗·中谷（+瑆 笔记） | J83: 流体 | K83: 热学 | L83: 地质 | M83: 土壤保水 + 水温调节 + 自流灌溉 | N83: 结构还原 | P83: =IF(COUNTIF($M$2:$M$101,M83)>1,"⚠ 重复","唯一") -> 唯一
A84: 83 | B84: 蛍の光 | C84: 萤火虫的光 | D84: II 感知期 | E84: 外延单元 | F84: 季节特别·生物 | G84: 6月 | H84: 珣 | I84: 光·慧美·志郎·珣·理紗·中谷（+瑆 笔记） | J84: 生物 | K84: 化学 | L84: 气象 | M84: 求偶节律 + 温湿影响 + 生物发光 | N84: 微观 | P84: =IF(COUNTIF($M$2:$M$101,M84)>1,"⚠ 重复","唯一") -> 唯一
A85: 84 | B85: 古銭の緑青 | C85: 古钱的铜绿 | D85: II 感知期 | E85: 外延单元 | F85: 社区·历史 | G85: 10月 | H85: 葛西·慧美 | I85: 光·慧美·志郎·珣·理紗·中谷·葛西（+瑆 笔记） | J85: 化学 | K85: 材料 | L85: 历史 | M85: 酸雨加速 + 铜锈电化学 + 锈层年代 | N85: 溯源+实验 | O85: 种子⑤(古钱) | P85: =IF(COUNTIF($M$2:$M$101,M85)>1,"⚠ 重复","唯一") -> 唯一
A86: 85 | B86: 紙風船 | C86: 纸气球的浮沉 | D86: II 感知期 | E86: 外延单元 | F86: 主题专项 | G86: 11月 | H86: 志郎 | I86: 光·慧美·志郎·珣·理紗·中谷（+瑆 笔记） | J86: 流体 | K86: 力学 | L86: 几何 | M86: 弹性恢复 + 形状稳定 + 空气阻力 | N86: 结构还原 | P86: =IF(COUNTIF($M$2:$M$101,M86)>1,"⚠ 重复","唯一") -> 唯一
A87: 86 | B87: 影踏み | C87: 踩影子游戏 | D87: II 感知期 | E87: 外延单元 | F87: 季节特别·校园 | G87: 9月 | H87: 慧美·瑆 | I87: 光·慧美·志郎·珣·理紗·中谷（+瑆 笔记） | J87: 数学 | K87: 几何 | L87: 天文 | M87: 影长比例 + 时刻变化 + 相似三角形 | N87: 实验+人际 | P87: =IF(COUNTIF($M$2:$M$101,M87)>1,"⚠ 重复","唯一") -> 唯一
A88: 87 | B88: 古井戸のこだま | C88: 古井的回声 | D88: II 感知期 | E88: 外延单元 | F88: 社区 | G88: 10月 | H88: 珣 | I88: 光·慧美·志郎·珣·理紗·中谷（+瑆 笔记） | J88: 声学 | K88: 数学 | L88: 物理 | M88: 井筒驻波 + 回声延时测深 + 水面反声 | N88: 微观 | P88: =IF(COUNTIF($M$2:$M$101,M88)>1,"⚠ 重复","唯一") -> 唯一
A89: 88 | B89: 紅葉の色 | C89: 红叶的颜色 | D89: II 感知期 | E89: 外延单元 | F89: 季节特别·生物 | G89: 11月 | H89: 珣·理紗 | I89: 光·慧美·志郎·珣·理紗·中谷（+瑆 笔记） | J89: 生物 | K89: 化学 | L89: 气象 | M89: 低温触发 + 光照影响 + 色素转换 | N89: 微观+感知 | P89: =IF(COUNTIF($M$2:$M$101,M89)>1,"⚠ 重复","唯一") -> 唯一
A90: 89 | B90: 古鏡の曇り | C90: 古镜的雾面 | D90: II 感知期 | E90: 外延单元 | F90: 社区·历史 | G90: 12月 | H90: 葛西·理紗 | I90: 光·慧美·志郎·珣·理紗·中谷·葛西（+瑆 笔记） | J90: 化学 | K90: 光学 | L90: 历史 | M90: 反射率下降 + 抛光技艺 + 镜面氧化 | N90: 溯源+感知 | P90: =IF(COUNTIF($M$2:$M$101,M90)>1,"⚠ 重复","唯一") -> 唯一
A91: 90 | B91: 除夜の鐘 | C91: 除夕的钟声 | D91: II 感知期 | E91: 范式深化 | F91: 季节·长线 | G91: 1月除夕 | H91: 珣·葛西 | I91: 光·慧美·志郎·珣·理紗·中谷·葛西（+瑆 笔记） | J91: 声学 | K91: 民俗 | L91: 气象 | M91: 大钟低频共振 + 民俗数理 + 远距传声衰减 | N91: 微观+溯源 | O91: 长线收束点③(钟声线) | P91: =IF(COUNTIF($M$2:$M$101,M91)>1,"⚠ 重复","唯一") -> 唯一
A92: 91 | B92: 古写真と今 | C92: 老照片与今天 | D92: III 拓展期 | E92: 范式深化 | F92: 拓展·长线 | G92: 2月 | H92: 中谷·葛西·瑆 | I92: 光·慧美·志郎·珣·理紗·中谷·葛西（+瑆 主笔） | J92: 光学 | K92: 历史 | L92: 几何 | M92: 城市变迁比对 + 拍摄方位推定 + 照片透视复原 | N92: 溯源+人际 | O92: 长线收束点④(三线初汇) | P92: =IF(COUNTIF($M$2:$M$101,M92)>1,"⚠ 重复","唯一") -> 唯一
A93: 92 | B93: 失われた水路 | C93: 消失的水渠 | D93: III 拓展期 | E93: 外延单元 | F93: 拓展·历史复合 | G93: 3月 | H93: 志郎·葛西 | I93: 光·慧美·志郎·珣·理紗·中谷·葛西（+瑆 笔记） | J93: 历史 | K93: 流体 | L93: 地理 | M93: 古水利图 + 地势流向 + 遗迹定位 | N93: 结构+溯源 | P93: =IF(COUNTIF($M$2:$M$101,M93)>1,"⚠ 重复","唯一") -> 唯一
A94: 93 | B94: 祭りの起源 | C94: 祭典的起源 | D94: III 拓展期 | E94: 外延单元 | F94: 拓展·民俗复合 | G94: 4月 | H94: 瑆·珣 | I94: 光·慧美·志郎·珣·理紗·中谷（+瑆 笔记） | J94: 生物 | K94: 天文 | L94: 民俗 | M94: 历法节气 + 口传演变 + 物候农时 | N94: 人际+微观 | P94: =IF(COUNTIF($M$2:$M$101,M94)>1,"⚠ 重复","唯一") -> 唯一
A95: 94 | B95: 古道の道標 | C95: 古道的路标石 | D95: III 拓展期 | E95: 外延单元 | F95: 拓展·历史复合 | G95: 5月 | H95: 葛西·慧美 | I95: 光·慧美·志郎·珣·理紗·中谷·葛西（+瑆 笔记） | J95: 地质 | K95: 历史 | L95: 民俗 | M95: 古道刻字识读 + 度量衡变迁 + 风化定年 | N95: 溯源+实验 | P95: =IF(COUNTIF($M$2:$M$101,M95)>1,"⚠ 重复","唯一") -> 唯一
A96: 95 | B96: 川の名前 | C96: 河川名字之谜 | D96: III 拓展期 | E96: 外延单元 | F96: 拓展·语言地理 | G96: 6月 | H96: 瑆·葛西 | I96: 光·慧美·志郎·珣·理紗·中谷·葛西（+瑆 笔记） | J96: 民俗 | K96: 地理 | L96: 地质 | M96: 地名语源 + 地形对应 + 河道变迁 | N96: 人际+溯源 | P96: =IF(COUNTIF($M$2:$M$101,M96)>1,"⚠ 重复","唯一") -> 唯一
A97: 96 | B97: 古い橋 | C97: 老桥的力学 | D97: III 拓展期 | E97: 外延单元 | F97: 拓展·结构复合 | G97: 7月 | H97: 志郎 | I97: 光·慧美·志郎·珣·理紗·中谷（+瑆 笔记） | J97: 力学 | K97: 材料 | L97: 地质 | M97: 拱桥推力 + 百年沉降 + 石材抗压 | N97: 结构还原 | P97: =IF(COUNTIF($M$2:$M$101,M97)>1,"⚠ 重复","唯一") -> 唯一
A98: 97 | B98: 古星図 | C98: 古星图与夜空 | D98: III 拓展期 | E98: 外延单元 | F98: 拓展·天文复合 | G98: 9月 | H98: 珣·慧美 | I98: 光·慧美·志郎·珣·理紗·中谷（+瑆 笔记） | J98: 天文 | K98: 历史 | L98: 气象 | M98: 古图坐标 + 大气消光 + 岁差星移 | N98: 微观+实验 | P98: =IF(COUNTIF($M$2:$M$101,M98)>1,"⚠ 重复","唯一") -> 唯一
A99: 98 | B99: 消えた職人技 | C99: 消失的手艺 | D99: III 拓展期 | E99: 外延单元 | F99: 拓展·工艺复合 | G99: 10月 | H99: 慧美·葛西 | I99: 光·慧美·志郎·珣·理紗·中谷·葛西（+瑆 笔记） | J99: 化学 | K99: 材料 | L99: 历史 | M99: 口述史 + 工具痕迹 + 配方逆推 | N99: 实验+溯源 | P99: =IF(COUNTIF($M$2:$M$101,M99)>1,"⚠ 重复","唯一") -> 唯一
A100: 99 | B100: 街の音風景 | C100: 城市的声音地景 | D100: III 拓展期 | E100: 外延单元 | F100: 拓展·声学复合 | G100: 11月 | H100: 中谷·珣 | I100: 光·慧美·志郎·珣·理紗·中谷（+瑆 笔记） | J100: 声学 | K100: 建筑 | L100: 历史 | M100: 声景变迁 + 多普勒频移 + 建筑混响 | N100: 微观+人际 | P100: =IF(COUNTIF($M$2:$M$101,M100)>1,"⚠ 重复","唯一") -> 唯一
...

Sheet 知识域容量
A1: 知识域 | B1: 前100篇出现次数 | C1: 占比 | D1: 说明
A2: 人体 | B2: =COUNTIF(前100篇台账!$J$2:$L$101,A2) -> 3 | C2: =B2/300 -> 0.01 | D2: 组合层去重；单域可在不同三元组中复现
A3: 光学 | B3: =COUNTIF(前100篇台账!$J$2:$L$101,A3) -> 28 | C3: =B3/300 -> 0.093333333 | D3: 组合层去重；单域可在不同三元组中复现
A4: 几何 | B4: =COUNTIF(前100篇台账!$J$2:$L$101,A4) -> 9 | C4: =B4/300 -> 0.03 | D4: 组合层去重；单域可在不同三元组中复现
A5: 力学 | B5: =COUNTIF(前100篇台账!$J$2:$L$101,A5) -> 11 | C5: =B5/300 -> 0.036666667 | D5: 组合层去重；单域可在不同三元组中复现
A6: 动物 | B6: =COUNTIF(前100篇台账!$J$2:$L$101,A6) -> 2 | C6: =B6/300 -> 0.0066666667 | D6: 组合层去重；单域可在不同三元组中复现
A7: 化学 | B7: =COUNTIF(前100篇台账!$J$2:$L$101,A7) -> 20 | C7: =B7/300 -> 0.066666667 | D7: 组合层去重；单域可在不同三元组中复现
A8: 历史 | B8: =COUNTIF(前100篇台账!$J$2:$L$101,A8) -> 15 | C8: =B8/300 -> 0.05 | D8: 组合层去重；单域可在不同三元组中复现
A9: 图书馆学 | B9: =COUNTIF(前100篇台账!$J$2:$L$101,A9) -> 1 | C9: =B9/300 -> 0.0033333333 | D9: 组合层去重；单域可在不同三元组中复现
A10: 地理 | B10: =COUNTIF(前100篇台账!$J$2:$L$101,A10) -> 8 | C10: =B10/300 -> 0.026666667 | D10: 组合层去重；单域可在不同三元组中复现
A11: 地质 | B11: =COUNTIF(前100篇台账!$J$2:$L$101,A11) -> 9 | C11: =B11/300 -> 0.03 | D11: 组合层去重；单域可在不同三元组中复现
A12: 声学 | B12: =COUNTIF(前100篇台账!$J$2:$L$101,A12) -> 17 | C12: =B12/300 -> 0.056666667 | D12: 组合层去重；单域可在不同三元组中复现
A13: 天文 | B13: =COUNTIF(前100篇台账!$J$2:$L$101,A13) -> 8 | C13: =B13/300 -> 0.026666667 | D13: 组合层去重；单域可在不同三元组中复现
... A37: 食品化学 | B37: =COUNTIF(前100篇台账!$J$2:$L$101,A37) -> 4 | C37: =B37/300 -> 0.013333333 | D37: 组合层去重；单域可在不同三元组中复现
A38: 合计（应=300） | B38: =SUM(B2:B37) -> 300

Sheet 说明
A1: 《学堂奇事録》· 前100篇原理去重台账
A3: 范围：第 1–100 篇。1–40 = I 组建期；41–90 = II 感知期；91–100 = III 拓展期开篇。
A4: 51–100 为城市/历史复合密集区：载体重心压在「城市特典 + 社区历史长线」，葛西记忆线在此逐段展开。
A5: 行底色：黄=长线种子/收束点；浅绿=II 感知期(51–90)；浅橙=III 拓展期(91–100)。
A7: 去重机制：
A8: · 「三原理三元组（标准化）」= 三个核心原理排序后用 + 连接，是去重唯一键。
A9: · 「重复校验」=COUNTIF 自动比对全 100 行；当前应全部显示「唯一」。
A10: · 去重在「组合」层级——单域（气象、光学、历史…）可在不同三元组中复现，三元组本身唯一即可。
A12: 人物加入节点：陸珣=第1篇；山本理紗=第41篇；中谷琦=第53篇；葛西全藏=历史/旧物案不定期出场。
A13: 陸瑆成长：41篇起从记录者转向独立推理，III 拓展期多次领衔（91/93/95/100）。
A15: 新增第 101 篇及以后：
A16: 1. 定三个核心原理 → 排序写入「三原理三元组」列。
... A21: 基线：项目正典 V1.0（2026-06-04）。废弃角色「阿文」已剔除，职能并入葛西全藏与陸珣。
